Index,Date,RSI,W%R,SMA,CCI,CMO,ROC
107,2015-08-25,34.0443,-23468.2376,2030.739,6372.8171,-1.4103,-11.0594
108,2015-08-26,91.4602,-23464.773,2016.185,6023.5032,-2.6853,-6.8657
109,2015-08-27,130.1941,-23462.5322,2006.612,5949.6424,-4.7302,-4.3277
110,2015-08-28,110.4736,-23462.4747,1996.345,5793.2404,-3.468,-5.48
111,2015-08-31,111.96,-23289.1913,1983.319,5561.5688,-3.5434,-5.3688
112,2015-09-01,89.7955,-23291.9657,1965.012,5166.3628,-2.6296,-8.2548
113,2015-09-02,113.1645,-23290.3004,1951.937,4971.7889,-3.6064,-6.4573
114,2015-09-03,109.369,-23290.1925,1943.477,4852.5548,-3.4135,-6.7132
115,2015-09-04,93.3247,-23291.6151,1938.51,4581.868,-2.7497,-8.6195
116,2015-09-08,123.7016,-22737.0745,1946.13,4513.3877,-4.2426,-6.0808
117,2015-09-09,120.0871,-21006.6274,1953.573,4388.0775,-4.0055,-6.6152
118,2015-09-10,144.4511,-16616.0983,1954.751,4255.9764,-6.2009,-4.0988
119,2015-09-11,191.6462,-11927.3998,1952.09,4151.0308,-46.8823,-0.4993
120,2015-09-14,272.1071,-11927.803,1948.506,4052.7339,6.5473,3.1597
121,2015-09-15,357.4685,-11926.543,1949.097,4012.1134,3.5402,5.9156
122,2015-09-16,278.1072,-7946.0083,1957.243,3995.7869,6.1212,2.824
123,2015-09-17,203.493,-7946.2644,1961.377,3971.7316,115.5157,0.1278
124,2015-09-18,165.2703,-7947.8767,1962.067,3836.8695,-10.5175,-1.5506
125,2015-09-21,193.5242,-7947.4286,1966.642,3772.4994,-60.7687,-0.2642
126,2015-09-22,245.5642,-7948.643,1963.975,3647.6804,9.7788,1.5095
127,2015-09-23,184.5554,-7211.8429,1963.647,3561.9543,-24.8991,-0.5183
128,2015-09-24,172.4856,-7212.1697,1961.642,3452.7608,-13.5378,-0.9682
129,2015-09-25,218.6888,-7212.2148,1958.671,3398.557,22.4032,0.5267
130,2015-09-28,88.9719,-11159.6942,1951.545,3239.0952,-2.6027,-4.4501
131,2015-09-29,111.1876,-11159.578,1942.145,3128.6657,-3.5039,-2.984
132,2015-09-30,150.5594,-11157.7767,1934.617,3099.0724,-7.0905,-1.6524
133,2015-10-01,142.9424,-11157.5868,1927.979,3050.822,-6.0105,-1.8985
134,2015-10-02,197.273,-11156.2066,1927.312,3024.9561,-145.6787,-0.0855
135,2015-10-05,214.6311,-11154.4179,1929.32,3072.3064,28.339,0.453
136,2015-10-06,176.2518,-11154.7752,1933.038,3058.299,-15.8434,-0.7713
137,2015-10-07,209.0442,-11205.9936,1938.745,3057.8958,45.2273,0.2829
138,2015-10-08,320.0044,-12966.0034,1946.864,3075.3094,4.3332,2.8294
139,2015-10-09,303.8017,-13111.9995,1955.219,3086.5593,4.8535,2.4362
140,2015-10-12,419.442,-13368.9941,1968.788,3087.6768,2.8228,3.8461
141,2015-10-13,366.7221,-13369.6766,1980.748,3073.7876,3.3992,3.349
142,2015-10-14,353.4275,-13370.1451,1988.169,3047.0507,3.6071,3.2087
143,2015-10-15,431.5318,-14008.9965,1998.173,3072.3218,2.7276,4.7905
144,2015-10-16,1197.2987,-14933.9965,2006.348,3101.1496,1.4011,8.0424
145,2015-10-19,1185.6355,-14757.0068,2011.009,3110.1646,1.4058,7.9386
146,2015-10-20,866.3058,-11163.1426,2016.094,3121.6951,1.6003,5.7676
147,2015-10-21,622.0983,-10784.7326,2018.405,3114.5881,1.9476,4.9443
148,2015-10-22,648.8568,-9915.0025,2022.313,3157.713,1.8912,5.1836
149,2015-10-23,590.9462,-9322.9858,2028.339,3216.8285,2.0232,4.4337
150,2015-10-26,635.5038,-9323.1771,2033.711,3231.9256,1.9185,4.6093
151,2015-10-27,496.8637,-7891.4374,2039.931,3240.7292,2.3474,3.5103
152,2015-10-28,525.9319,-9411.0108,2049.542,3276.5746,2.2273,3.8203
153,2015-10-29,509.5949,-9411.0558,2056.097,3293.9416,2.292,3.6985
154,2015-10-30,412.7516,-9411.5365,2060.722,3296.0442,2.8801,3.0682
155,2015-11-02,651.8686,-10781.0059,2067.761,3318.2145,1.8852,5.0088
156,2015-11-03,860.8507,-11355.0049,2075.663,3332.0106,1.6053,5.7942
157,2015-11-04,569.611,-8885.3643,2084.0,3324.777,2.0822,3.8763
158,2015-11-05,498.1024,-8885.4772,2088.742,3317.6259,2.3418,3.2866
159,2015-11-06,487.707,-8885.5117,2091.147,3313.2673,2.3903,3.2228
160,2015-11-09,351.0824,-8886.4891,2091.887,3301.2882,3.6476,2.3543
161,2015-11-10,443.9956,-8886.3403,2093.47,3308.5975,2.6394,3.1096
162,2015-11-11,277.3118,-5529.6519,2091.935,3320.8174,6.1739,1.0957
163,2015-11-12,133.0812,-6185.0317,2087.591,3298.8771,-4.9774,-1.4062
164,2015-11-13,109.3154,-8479.1118,2081.959,3263.508,-3.4109,-2.3243
165,2015-11-16,174.8216,-8477.6827,2076.873,3294.4488,-14.8867,-0.6147
166,2015-11-17,122.9756,-8477.8131,2070.938,3332.3575,-4.1932,-1.9093
167,2015-11-18,188.6457,-8476.2423,2069.065,3377.9031,-34.229,-0.279
168,2015-11-19,203.9585,-8476.3532,2067.196,3401.5063,102.0488,0.0904
169,2015-11-20,168.6668,-8475.9774,2066.193,3419.4185,-11.766,-0.7072
170,2015-11-23,152.4395,-8476.0996,2066.994,3422.8689,-7.4103,-1.0996
171,2015-11-24,170.7589,-7727.6285,2067.736,3425.4775,-12.6794,-0.6265
172,2015-11-25,174.8553,-7489.516,2069.123,3439.4029,-14.9079,-0.5267
173,2015-11-27,179.1612,-7416.4242,2073.537,3444.9491,-18.1949,-0.433
174,2015-11-30,204.7952,-6507.4709,2079.274,3445.8143,84.4172,0.088
175,2015-12-01,254.7955,-7758.9844,2084.218,3467.4447,8.2999,1.0045
176,2015-12-02,209.7283,-7760.084,2087.125,3458.8054,42.1173,0.2173
177,2015-12-03,207.8012,-7761.5055,2083.729,3429.9269,52.2744,0.1784
178,2015-12-04,394.3389,-7759.5047,2084.774,3474.8489,3.0583,3.3934
179,2015-12-07,256.0109,-5102.1922,2083.564,3484.909,8.1415,1.1631
180,2015-12-08,227.3963,-5102.8333,2081.264,3478.375,15.6005,0.6413
181,2015-12-09,135.7681,-5303.605,2077.112,3479.9336,-5.2274,-1.7259
182,2015-12-10,147.0763,-5303.3858,2073.448,3496.7565,-6.558,-1.3939
183,2015-12-11,97.2504,-8830.2815,2065.674,3440.5392,-2.893,-3.6761
184,2015-12-14,111.9865,-8829.8264,2059.827,3418.1035,-3.5448,-3.0984
185,2015-12-15,137.7442,-8828.8053,2053.905,3476.0802,-5.4251,-2.1889
186,2015-12-16,178.4505,-8827.3946,2053.261,3533.9903,-17.562,-0.7564
187,2015-12-17,145.7653,-8828.8776,2052.488,3530.465,-6.3753,-2.3071
188,2015-12-18,126.773,-9512.6005,2043.874,3464.546,-4.4625,-3.5983
189,2015-12-21,120.2974,-9511.8585,2038.282,3460.7001,-4.0187,-3.8751
190,2015-12-22,155.2883,-8416.5096,2035.82,3496.8899,-7.9462,-1.9495
191,2015-12-23,219.3726,-8415.2991,2037.487,3554.3922,21.6477,0.7157
192,2015-12-24,160.3232,-8415.4569,2038.363,3581.6432,-9.0814,-1.4677
193,2015-12-28,171.553,-6952.9922,2042.776,3579.7896,-13.0612,-0.9903
194,2015-12-29,222.5256,-7081.0058,2048.418,3628.8719,18.7576,0.7157
195,2015-12-30,224.1839,-7081.7275,2050.413,3633.6224,17.5399,0.7687
196,2015-12-31,188.9163,-7082.6619,2047.5,3615.7256,-35.0891,-0.404
197,2016-01-04,200.4114,-7084.1669,2044.577,3545.4142,973.3529,0.0144
198,2016-01-05,192.5821,-7083.9721,2045.693,3542.6062,-52.9238,-0.2587
199,2016-01-06,136.5222,-8614.2486,2042.604,3491.9341,-5.3014,-2.601
200,2016-01-07,78.8799,-13333.5226,2033.016,3393.7964,-2.3025,-6.2699
201,2016-01-08,82.7833,-15440.5296,2018.79,3315.9065,-2.4125,-5.8701
202,2016-01-11,102.6224,-15440.4507,2005.058,3249.6204,-3.1077,-4.0827
203,2016-01-12,101.9207,-15439.7285,1993.276,3236.9187,-3.0783,-4.0803
204,2016-01-13,62.6865,-18617.0572,1974.468,3151.4765,-1.913,-7.2924
205,2016-01-14,68.449,-18615.5387,1960.316,3115.2783,-2.0406,-6.9007
206,2016-01-15,58.1835,-19612.5433,1943.955,3022.2509,-1.8205,-8.7657
207,2016-01-19,60.0264,-19612.4952,1930.822,2971.1403,-1.8577,-8.5179
208,2016-01-20,39.12,-21713.5537,1915.084,2862.4248,-1.4863,-10.5386
209,2016-01-21,48.9097,-20212.4352,1902.957,2847.649,-1.6474,-9.4201
210,2016-01-22,84.7774,-18267.7032,1899.338,2856.0131,-2.4715,-6.7047
211,2016-01-25,85.3009,-15544.9242,1894.843,2800.8284,-2.4874,-6.7364
212,2016-01-26,104.3357,-15543.6077,1892.839,2782.4479,-3.1813,-5.6072
213,2016-01-27,106.9459,-12898.3972,1887.266,2740.4643,-3.2986,-5.3918
214,2016-01-28,145.7896,-8178.5603,1887.574,2706.4945,-6.3787,-2.5593
215,2016-01-29,222.4247,-7891.0034,1889.414,2735.4166,18.8375,0.9474
216,2016-02-01,219.2441,-7891.0477,1895.319,2732.5333,21.7856,0.8167
217,2016-02-02,164.2821,-7892.9212,1897.489,2673.922,-10.1989,-1.8389
218,2016-02-03,229.4273,-7892.4316,1902.809,2632.0776,14.5928,1.1771
219,2016-02-04,191.5487,-7892.2811,1907.455,2629.2971,-46.3301,-0.3325
220,2016-02-05,199.6142,-7894.1056,1904.77,2565.4856,-1035.8443,-0.0149
221,2016-02-08,167.5169,-8484.4786,1902.406,2479.4588,-11.3141,-1.4825
222,2016-02-09,190.5664,-8607.54,1897.264,2446.3687,-41.4017,-0.3829
223,2016-02-10,177.3562,-8642.5556,1894.155,2429.2783,-16.6649,-0.9165
224,2016-02-11,110.5928,-10921.7326,1887.727,2350.4412,-3.4739,-4.081
225,2016-02-12,182.9476,-10919.8926,1880.181,2355.4149,-22.4571,-0.6553
226,2016-02-16,188.8395,-10918.3052,1875.801,2377.5213,-34.8408,-0.4229
227,2016-02-17,270.9986,-10916.6951,1878.18,2403.343,6.6339,2.3299
228,2016-02-18,236.9163,-10917.1584,1878.71,2392.4832,11.8353,1.2924
229,2016-02-19,166.1288,-10917.161,1878.943,2367.2662,-10.8094,-1.1576
230,2016-02-22,209.2896,-11442.0044,1885.488,2390.8518,44.0588,0.3156
231,2016-02-23,230.4915,-11443.2498,1892.271,2365.2997,14.1184,0.9585
232,2016-02-24,228.87,-11442.8114,1900.03,2339.6193,14.8552,0.903
233,2016-02-25,260.5985,-12061.9995,1910.014,2363.5442,7.6008,1.8925
234,2016-02-26,354.7391,-12062.1865,1921.911,2369.2158,3.585,3.6169
235,2016-02-29,404.3844,-12062.9971,1928.656,2346.9313,2.9571,4.251
236,2016-03-01,532.5167,-14727.002,1936.933,2373.2596,2.2029,6.8102
237,2016-03-02,556.4358,-15536.9995,1942.896,2392.9438,2.1222,7.2678
238,2016-03-03,823.1342,-16232.0068,1950.453,2403.6613,1.6419,8.9838
239,2016-03-04,712.7429,-13320.9961,1958.674,2420.0506,1.7801,7.2507
240,2016-03-07,602.6557,-10418.0054,1964.3,2424.0891,1.9934,5.6015
241,2016-03-08,339.3944,-8199.1221,1970.099,2406.6242,3.8696,2.7216
242,2016-03-09,415.6383,-8198.6226,1976.045,2411.2744,2.855,3.7245
243,2016-03-10,416.8881,-8198.6071,1979.832,2413.5482,2.8443,3.7434
244,2016-03-11,431.6918,-9891.9921,1987.246,2451.1478,2.7264,3.9419
245,2016-03-14,641.9147,-9892.1182,1995.987,2465.5925,1.9052,5.1201
246,2016-03-15,557.1647,-9039.2988,1999.745,2463.6847,2.1199,4.4632
247,2016-03-16,513.1671,-9298.9991,2003.822,2485.3836,2.2773,3.8694
248,2016-03-17,615.1638,-10635.9986,2008.541,2511.9445,1.9635,4.7504
249,2016-03-18,1016.0679,-11535.0098,2013.5,2534.0129,1.4902,6.0733
250,2016-03-21,709.3909,-7125.0122,2018.484,2543.6684,1.7853,3.7026
251,2016-03-22,614.5958,-7034.0965,2025.538,2550.3652,1.9648,3.1891
252,2016-03-23,398.4418,-7034.7346,2030.283,2548.0766,3.0157,2.1727
253,2016-03-24,361.8636,-7034.7721,2034.92,2546.9094,3.4712,1.7975
254,2016-03-28,358.8924,-7034.718,2036.406,2563.9679,3.5174,1.763
255,2016-03-29,891.1482,-7375.0,2039.943,2583.7045,1.5787,3.8272
256,2016-03-30,881.4762,-7268.9941,2044.745,2611.7571,1.587,3.7547
257,2016-03-31,737.084,-7238.2045,2047.997,2612.5775,1.7448,3.5269
258,2016-04-01,587.2184,-5484.9975,2051.216,2619.8855,2.033,2.5017
259,2016-04-04,507.5721,-5485.3183,2052.871,2628.29,2.3005,2.3019
260,2016-04-05,323.1673,-5486.3295,2052.228,2612.6429,4.2476,1.4504
261,2016-04-06,366.1325,-4356.3011,2053.914,2629.7215,3.4077,1.9455
262,2016-04-07,203.6552,-3485.4981,2054.434,2620.8862,110.4337,0.0647
263,2016-04-08,194.5172,-3485.2236,2055.6,2632.9569,-71.9558,-0.0966
264,2016-04-11,175.308,-3485.4942,2056.094,2638.956,-15.1996,-0.4684
265,2016-04-12,231.3517,-3484.5424,2056.765,2653.6897,13.7585,0.5815
266,2016-04-13,345.2266,-4447.9981,2058.612,2684.0626,3.7543,2.2443
267,2016-04-14,350.6601,-4484.0088,2060.916,2692.2175,3.655,2.3007
268,2016-04-15,336.0113,-4373.0964,2061.711,2689.6239,3.9409,2.1443
269,2016-04-18,322.4666,-5043.0054,2064.532,2699.1837,4.2662,1.9139
270,2016-04-19,314.7444,-5689.0015,2070.095,2711.5645,4.486,1.7854
271,2016-04-20,342.1526,-5848.9868,2073.669,2713.998,3.8139,2.0711
272,2016-04-21,252.7206,-5849.5062,2078.626,2700.9657,8.5872,0.9022
273,2016-04-22,279.1735,-5849.5014,2083.024,2693.2056,6.0522,1.2318
274,2016-04-25,380.9003,-5849.6817,2087.604,2688.1833,3.2112,2.0839
275,2016-04-26,306.2823,-5849.4957,2090.602,2696.038,4.7636,1.2116
276,2016-04-27,675.9935,-5849.3316,2091.875,2696.3819,1.8403,2.6074
277,2016-04-28,335.2682,-5842.2559,2091.178,2683.9798,3.9571,1.3777
278,2016-04-29,300.022,-5842.7558,2089.635,2664.2837,4.9991,1.1415
279,2016-05-02,284.5742,-3868.9905,2088.344,2683.8402,5.7296,0.956
280,2016-05-03,141.0858,-3704.8349,2084.601,2672.571,-5.7895,-0.9148
281,2016-05-04,117.6806,-4930.4176,2079.473,2662.411,-3.8591,-1.5201
282,2016-05-05,120.1164,-4979.4643,2075.388,2669.1263,-4.0073,-1.4466
283,2016-05-06,101.2732,-4979.1547,2071.944,2675.1038,-3.0516,-1.7762
284,2016-05-09,88.2426,-4979.081,2069.034,2690.8342,-2.5792,-2.0045
285,2016-05-10,152.2026,-4977.8585,2068.303,2717.3096,-7.3687,-0.8566
286,2016-05-11,135.9487,-4253.4667,2065.234,2711.8396,-5.245,-1.2919
287,2016-05-12,135.1509,-4253.4834,2064.064,2707.1257,-5.1682,-1.3134
288,2016-05-13,116.3261,-4656.3085,2062.195,2698.4507,-3.7805,-1.9724
289,2016-05-16,149.121,-4655.3515,2060.718,2716.3247,-6.8618,-1.1971
290,2016-05-17,118.663,-4656.2798,2059.102,2709.263,-3.9178,-2.2881
291,2016-05-18,142.8048,-3579.7544,2058.753,2712.0401,-5.9936,-1.3575
292,2016-05-19,147.1658,-4237.1131,2057.694,2706.4576,-6.5709,-1.2231
293,2016-05-20,139.1134,-4236.524,2057.212,2732.7957,-5.5696,-1.3986
294,2016-05-23,162.5365,-4236.7293,2056.147,2739.2373,-9.6771,-0.743
295,2016-05-24,271.6767,-4235.385,2055.314,2768.966,6.5806,1.2159
296,2016-05-25,315.5144,-4850.0,2057.922,2794.321,4.4628,1.9462
297,2016-05-26,294.7952,-4850.021,2060.521,2797.0613,5.2196,1.6022
298,2016-05-27,316.1065,-5702.002,2065.766,2803.045,4.4451,1.961
299,2016-05-31,235.0595,-5702.1025,2068.795,2801.8088,12.4092,0.6026
300,2016-06-01,334.842,-5729.0039,2074.007,2798.7647,3.9664,1.6891
301,2016-06-02,360.2095,-6321.9971,2079.77,2802.8096,3.4967,1.9936
302,2016-06-03,462.5987,-6322.2883,2085.679,2796.5367,2.5232,2.5662
303,2016-06-06,413.7493,-6736.9873,2091.388,2808.8075,2.8714,2.0686
304,2016-06-07,831.8188,-7008.9844,2097.797,2812.1945,1.6331,3.1711
305,2016-06-08,895.7617,-7708.0078,2102.103,2811.7473,1.5749,3.4914
306,2016-06-09,1108.8962,-7708.1796,2104.597,2801.9904,1.4401,3.698
307,2016-06-10,442.9863,-6909.0955,2105.194,2779.9311,2.6462,2.1317
308,2016-06-13,327.2871,-6909.8982,2103.194,2762.8041,4.1425,1.5146
309,2016-06-14,197.1799,-4182.0718,2101.031,2750.1129,-140.8402,-0.0356
310,2016-06-15,132.3626,-4564.2589,2098.248,2755.663,-4.9139,-0.9108
311,2016-06-16,156.6415,-4563.9526,2095.521,2750.9563,-8.2254,-0.5794
312,2016-06-17,111.0972,-4592.275,2092.73,2756.5325,-3.4993,-1.3263
313,2016-06-20,154.7261,-4591.7073,2090.114,2778.7491,-7.8351,-0.6533
314,2016-06-21,165.5316,-4591.4407,2087.791,2781.9183,-10.6048,-0.4968
315,2016-06-22,138.0647,-4591.6035,2084.424,2783.8941,-5.4584,-0.941
316,2016-06-23,249.067,-4590.2883,2084.208,2803.7307,9.1521,0.676
317,2016-06-24,92.3367,-7974.8641,2078.342,2743.5723,-2.7153,-3.4133
318,2016-06-27,69.195,-11663.6035,2070.49,2677.813,-2.058,-5.2833
319,2016-06-28,102.6725,-11661.9259,2066.567,2708.8223,-3.1098,-3.9181
320,2016-06-29,146.4487,-11296.1076,2066.494,2763.1935,-6.4695,-2.1135
321,2016-06-30,203.7813,-11078.6871,2068.581,2800.6303,106.7835,0.1331
322,2016-07-01,236.596,-11078.4936,2071.754,2817.4996,11.9302,1.1491
323,2016-07-05,218.7367,-11079.175,2072.284,2797.4398,22.3485,0.6375
324,2016-07-06,241.0917,-11078.646,2073.367,2801.9911,10.7343,1.3628
325,2016-07-07,228.6,-11078.7326,2074.612,2810.684,14.986,0.9581
326,2016-07-08,288.6003,-12735.9863,2076.27,2838.0075,5.5147,2.8331
327,2016-07-11,281.398,-13461.9873,2086.245,2849.5858,5.9141,2.5878
328,2016-07-12,295.4854,-14959.9854,2101.405,2855.2557,5.1891,3.0274
329,2016-07-13,303.8369,-14988.9893,2113.039,2848.3529,4.8522,3.2118
330,2016-07-14,278.1799,-16120.9961,2122.337,2851.8779,6.1164,2.3863
331,2016-07-15,651.2066,-16121.089,2128.625,2838.0302,1.8865,6.1024
332,2016-07-18,2024.0126,-16434.9854,2135.0189,2829.4469,1.2193,8.3152
333,2016-07-19,1396.168,-12880.1362,2142.5419,2814.5082,1.3344,6.2713
334,2016-07-20,1157.852,-10025.0,2149.8709,2813.1813,1.4176,4.9378
335,2016-07-21,654.1776,-8247.3584,2156.5979,2795.1075,1.8807,3.1593
336,2016-07-22,693.7,-8447.998,2161.111,2788.7996,1.8102,3.4276
337,2016-07-25,948.7547,-8448.2991,2164.243,2773.0853,1.5342,3.8271
338,2016-07-26,850.582,-7513.2817,2165.947,2761.1712,1.6148,3.3076
339,2016-07-27,820.9816,-7513.4012,2167.362,2749.1511,1.6441,3.2738
340,2016-07-28,563.1138,-4313.2412,2167.993,2739.088,2.1016,1.8855
341,2016-07-29,529.4791,-3587.0774,2169.179,2732.7022,2.214,1.7051
342,2016-08-01,350.3238,-2089.2062,2169.574,2721.9906,3.6609,0.8689
343,2016-08-02,223.7793,-2060.8373,2168.899,2695.7861,17.8214,0.2137
344,2016-08-03,200.207,-1600.5168,2167.976,2689.0806,1933.6129,0.0019
345,2016-08-04,213.686,-1600.4956,2167.884,2684.5056,30.2269,0.1161
346,2016-08-05,287.1333,-2384.0088,2168.668,2691.2736,5.5907,0.7375
347,2016-08-08,296.2572,-2384.0995,2169.909,2683.6002,5.1555,0.7907
348,2016-08-09,249.0571,-2384.0606,2171.165,2673.4902,9.1538,0.4013
349,2016-08-10,260.7953,-2384.3469,2172.056,2655.6906,7.5795,0.4766
350,2016-08-11,263.387,-2676.001,2173.629,2653.0685,7.3104,0.4947
351,2016-08-12,306.8634,-2676.0806,2174.674,2640.8786,4.7431,0.718
352,2016-08-15,343.925,-3111.9873,2176.605,2637.3127,3.7792,0.9667
353,2016-08-16,260.0402,-3112.5352,2178.717,2615.5898,7.6622,0.534
354,2016-08-17,263.1023,-3112.3494,2180.56,2602.2126,7.3389,0.5603
355,2016-08-18,269.641,-3112.1302,2182.837,2600.0727,6.7437,0.6174
356,2016-08-19,266.9405,-3112.274,2182.937,2585.8795,6.9755,0.6002
357,2016-08-22,394.3798,-3112.3302,2183.112,2576.0487,3.0578,1.1873
358,2016-08-23,375.4047,-2436.1347,2183.628,2574.86,3.2804,1.068
359,2016-08-24,259.1899,-2390.6618,2183.623,2552.3681,7.7579,0.517
360,2016-08-25,148.9942,-1568.8003,2182.291,2539.2864,-6.8422,-0.4764
361,2016-08-26,143.8794,-1911.9502,2180.79,2529.8442,-6.1275,-0.5433
362,2016-08-29,193.5586,-1911.4324,2179.813,2527.9856,-61.098,-0.0623
363,2016-08-30,203.1319,-1911.6269,2179.61,2517.7687,128.7195,0.029
364,2016-08-31,134.6394,-1911.863,2178.483,2501.754,-5.1199,-0.6789
365,2016-09-01,139.7166,-1911.8671,2176.867,2493.2289,-5.6353,-0.6039
366,2016-09-02,153.5193,-1911.4506,2176.478,2499.6063,-7.6057,-0.4643
367,2016-09-06,252.4568,-1598.0228,2176.862,2494.9827,8.6253,0.3824
368,2016-09-07,224.5634,-1598.0374,2176.788,2488.4199,17.2844,0.1805
369,2016-09-08,169.0308,-1598.2596,2177.374,2476.7965,-11.916,-0.2615
370,2016-09-09,71.5394,-5711.6863,2172.908,2427.4741,-2.1138,-2.567
371,2016-09-12,145.1482,-5710.2582,2171.908,2430.313,-6.2924,-1.0813
372,2016-09-13,98.5685,-5790.7263,2166.572,2411.4692,-2.9435,-2.7381
373,2016-09-14,107.8989,-5873.7726,2161.537,2405.8483,-3.3431,-2.2832
374,2016-09-15,151.9305,-5872.7897,2159.168,2416.2533,-7.3213,-1.1604
375,2016-09-16,145.4542,-5873.1602,2155.998,2412.1443,-6.3333,-1.3776
376,2016-09-19,124.7082,-5873.162,2151.912,2413.7652,-4.3127,-1.8923
377,2016-09-20,130.9661,-5873.1328,2147.24,2411.254,-4.7943,-1.6709
378,2016-09-21,184.3669,-5872.0644,2144.936,2421.5848,-24.5867,-0.3607
379,2016-09-22,212.6296,-5871.4213,2144.524,2438.188,32.6717,0.2911
380,2016-09-23,172.8346,-5871.9926,2148.212,2422.8184,-13.7246,-0.7014
381,2016-09-26,138.4264,-5872.8428,2146.918,2399.1956,-5.4963,-1.8468
382,2016-09-27,159.9051,-5840.189,2150.209,2400.2746,-8.9763,-1.1998
383,2016-09-28,184.2357,-5353.4581,2154.769,2407.8168,-24.3737,-0.4552
384,2016-09-29,250.2962,-4942.1877,2155.156,2393.7246,8.9529,1.096
385,2016-09-30,219.9072,-4941.4004,2158.067,2400.4841,21.0932,0.4275
386,2016-10-03,300.8555,-4941.7252,2160.275,2388.7447,4.9661,1.6069
387,2016-10-04,264.0082,-4942.2171,2161.348,2377.5506,7.2492,1.1629
388,2016-10-05,232.2889,-3606.783,2161.009,2380.6045,13.3882,0.5807
389,2016-10-06,262.5113,-3606.7352,2159.368,2374.922,7.3988,1.0102
390,2016-10-07,238.4076,-3607.0581,2158.273,2367.8746,11.4146,0.6835
391,2016-10-10,262.787,-3542.6132,2160.029,2374.4314,7.3707,1.1169
392,2016-10-11,148.7869,-3846.8531,2157.709,2347.3896,-6.8105,-1.22
393,2016-10-12,126.2566,-3846.7406,2154.49,2342.0401,-4.4242,-1.7454
394,2016-10-13,133.8685,-3683.7946,2152.632,2329.547,-5.0486,-1.4847
395,2016-10-14,166.6198,-3683.7748,2149.103,2339.1548,-10.9831,-0.6113
396,2016-10-17,121.4246,-4289.0781,2145.633,2327.8949,-4.0907,-1.5477
397,2016-10-18,125.3262,-4288.4748,2144.544,2338.6115,-4.3566,-1.4631
398,2016-10-19,178.9056,-3978.1079,2143.0,2340.8975,-17.9624,-0.318
399,2016-10-20,120.5604,-3978.244,2141.057,2335.9048,-4.0353,-1.242
400,2016-10-21,134.1978,-3517.0311,2139.799,2331.5304,-5.0788,-0.9273
401,2016-10-24,203.347,-3516.5611,2138.566,2343.5233,120.5112,0.0391
402,2016-10-25,143.2241,-3516.9387,2139.209,2335.3107,-6.0452,-0.7672
403,2016-10-26,131.272,-3517.1111,2139.234,2326.5728,-4.82,-0.9876
404,2016-10-27,132.6392,-3517.4064,2139.283,2323.8626,-4.9382,-0.9611
405,2016-10-28,90.5861,-3526.7216,2138.626,2313.7856,-2.6558,-1.7216
406,2016-10-31,148.9134,-2319.188,2138.591,2312.9616,-6.8298,-0.4952
407,2016-11-01,101.6655,-3762.8519,2135.803,2297.7907,-3.0677,-1.2837
408,2016-11-02,90.1271,-5141.4954,2131.168,2286.2669,-2.6406,-1.6229
409,2016-11-03,77.3661,-6069.9297,2125.9,2279.3505,-2.2617,-2.0778
410,2016-11-04,80.7162,-6418.0894,2120.302,2279.7258,-2.3533,-1.9431
411,2016-11-07,176.6742,-6415.9354,2118.3209,2316.1432,-16.1484,-0.3776
412,2016-11-08,186.3454,-6415.5617,2117.961,2332.2966,-28.2941,-0.2206
413,2016-11-09,266.0932,-7608.0078,2120.344,2347.9294,7.0521,1.0237
414,2016-11-10,279.5767,-8030.0048,2123.788,2359.7613,6.0266,1.2292
415,2016-11-11,237.9296,-8030.1446,2127.592,2349.702,11.5459,0.6098
416,2016-11-14,268.6909,-8030.1561,2131.397,2349.426,6.8232,0.9817
417,2016-11-15,342.3951,-9320.9961,2138.264,2358.1345,3.8091,1.9145
418,2016-11-16,360.8347,-9321.1543,2146.164,2353.7745,3.487,2.0581
419,2016-11-17,453.1704,-9994.0185,2156.01,2357.1356,2.58,2.8551
420,2016-11-18,410.6947,-9994.2572,2165.682,2351.9842,2.8985,2.6221
421,2016-11-21,649.2566,-11100.0,2172.348,2357.2652,1.8904,4.0943
422,2016-11-22,1049.8513,-11576.0009,2178.686,2357.4996,1.4707,5.0049
423,2016-11-23,1704.3258,-11754.0039,2182.832,2351.4275,1.2659,5.5567
424,2016-11-25,2345.0722,-12617.0166,2187.419,2354.5218,1.1865,6.1467
425,2016-11-28,795.4113,-7983.5333,2191.146,2340.523,1.6718,3.2934
426,2016-11-29,752.154,-7179.3965,2195.192,2333.8485,1.7244,3.0427
427,2016-11-30,441.5891,-4809.6657,2197.034,2326.7384,2.6557,1.6434
428,2016-12-01,327.0183,-4716.0209,2198.448,2310.1535,4.1492,1.0888
429,2016-12-02,361.1479,-4715.9816,2198.931,2303.7797,3.4822,1.2705
430,2016-12-05,439.1373,-4715.4051,2201.212,2310.328,2.6727,1.8718
431,2016-12-06,387.9573,-3441.0663,2202.617,2308.3712,3.1281,1.4603
432,2016-12-07,623.3308,-6241.0157,2206.458,2323.0047,1.9449,2.9587
433,2016-12-08,588.2319,-6229.0039,2210.605,2328.8001,2.0303,2.7008
434,2016-12-09,815.8687,-7563.0127,2215.223,2329.9665,1.6495,3.5579
435,2016-12-12,623.1819,-6645.1088,2220.747,2321.0883,1.9452,2.674
436,2016-12-13,695.1761,-7863.9893,2227.453,2323.3231,1.8078,3.1222
437,2016-12-14,410.1259,-7864.801,2232.9,2300.8179,2.9036,2.2025
438,2016-12-15,410.6446,-7864.4158,2239.995,2293.8383,2.8989,2.1994
439,2016-12-16,492.3496,-7864.5902,2246.607,2281.1318,2.3682,2.5594
440,2016-12-19,500.2356,-7864.3938,2252.389,2273.7112,2.3323,2.6249
441,2016-12-20,640.0615,-7864.0316,2258.242,2270.4572,1.909,3.2722
442,2016-12-21,685.1046,-7864.2772,2260.625,2257.5668,1.8246,3.3819
443,2016-12-22,596.9512,-7777.4757,2262.102,2240.8595,2.0077,3.1483
444,2016-12-23,539.8334,-6501.3501,2262.528,2233.534,2.177,2.6797
445,2016-12-27,525.8549,-5749.1241,2263.72,2231.237,2.2275,2.5608
446,2016-12-28,231.8996,-2837.9469,2261.54,2209.5439,13.5393,0.3824
447,2016-12-29,211.2891,-2353.9917,2261.138,2194.1668,36.4324,0.1367
448,2016-12-30,136.1308,-3090.4371,2258.818,2179.4218,-5.2628,-0.9161
449,2017-01-03,202.7956,-3089.6007,2258.794,2184.8206,144.0836,0.0386
450,2017-01-04,196.8836,-3089.032,2259.616,2188.4728,-127.3539,-0.0427
451,2017-01-05,269.0081,-2993.0707,2259.44,2178.2256,6.7964,0.6976
452,2017-01-06,265.6278,-3614.9902,2260.62,2176.2703,7.095,0.6609
453,2017-01-09,243.5984,-3615.3451,2261.414,2164.1501,10.1746,0.4796
454,2017-01-10,225.6436,-3615.3451,2261.925,2155.4521,16.5984,0.2815
455,2017-01-11,218.3577,-3615.0631,2262.569,2146.2471,22.7892,0.2008
456,2017-01-12,221.4782,-3615.2774,2264.621,2133.3114,19.6235,0.2322
457,2017-01-13,261.1257,-3615.093,2267.159,2133.8592,7.5439,0.605
458,2017-01-17,215.9187,-3615.3894,2270.065,2118.7829,26.1277,0.1811
459,2017-01-18,211.6871,-3615.2137,2271.4709,2112.2649,35.2258,0.1327
460,2017-01-19,267.5829,-3615.5739,2270.7649,2101.2217,6.9187,0.612
461,2017-01-20,310.0025,-3615.2392,2270.9959,2098.7338,4.6363,0.9803
462,2017-01-23,347.4402,-3615.5076,2269.8179,2085.3072,3.713,1.1778
463,2017-01-24,324.349,-2023.999,2270.935,2089.0938,4.2168,0.985
464,2017-01-25,354.4306,-3268.0176,2273.882,2097.372,3.5902,1.2163
465,2017-01-26,355.0243,-3268.0911,2276.018,2089.7492,3.5802,1.2199
466,2017-01-27,293.9509,-3268.1777,2278.443,2078.8535,5.2575,0.7778
467,2017-01-30,255.2863,-3268.7777,2279.069,2055.532,8.2351,0.5289
468,2017-01-31,243.8828,-3268.866,2280.167,2045.1995,10.1152,0.4394
469,2017-02-01,218.6178,-3268.8364,2280.933,2042.6,22.4848,0.1859
470,2017-02-02,251.3321,-3268.7799,2282.649,2033.8365,8.7924,0.4585
471,2017-02-03,312.3274,-3268.0589,2285.26,2040.0854,4.561,1.0015
472,2017-02-06,327.5936,-3268.2704,2287.996,2030.1823,4.135,1.0878
473,2017-02-07,309.5952,-3268.2478,2289.297,2023.8385,4.6498,0.9327
474,2017-02-08,403.3476,-3268.1786,2288.927,2014.1001,2.9671,1.3686
475,2017-02-09,439.9744,-4067.0166,2290.046,2017.6618,2.6668,1.6096
476,2017-02-10,617.9018,-4890.0147,2292.187,2018.0296,1.9572,2.247
477,2017-02-13,595.5682,-4737.9883,2296.922,2018.9596,2.0112,2.1131
478,2017-02-14,521.9227,-5670.9961,2302.793,2014.0651,2.2425,1.706
479,2017-02-15,663.7919,-6837.9883,2309.763,2015.0509,1.8625,2.289
480,2017-02-16,662.6216,-6838.0747,2316.4,2005.4636,1.8646,2.2892
481,2017-02-17,1775.3936,-7028.9795,2321.774,1996.6773,1.2539,3.0804
482,2017-02-21,2711.2082,-8450.9766,2329.056,1999.0439,1.1593,3.7962
483,2017-02-22,1962.3831,-8383.0916,2336.03,1988.1906,1.227,3.6529
484,2017-02-23,1955.8208,-8253.0449,2342.944,1977.962,1.2278,3.6372
485,2017-02-24,1679.8378,-7278.0029,2348.891,1967.7646,1.2703,3.0434
486,2017-02-27,3563.5104,-7518.9941,2354.256,1961.8094,1.1189,3.367
487,2017-02-28,1518.8811,-7467.25,2357.795,1948.1472,1.3033,3.0771
488,2017-03-01,2093.2804,-9929.0039,2363.633,1961.2883,1.2113,4.4141
489,2017-03-02,798.6244,-8609.5704,2366.9,1944.6694,1.6682,3.2086
490,2017-03-03,741.795,-7786.5222,2370.49,1930.1665,1.7383,2.8937
491,2017-03-06,489.1551,-6571.858,2372.905,1914.5923,2.3833,2.0213
492,2017-03-07,356.1168,-5639.139,2373.206,1901.4596,3.5622,1.318
493,2017-03-08,261.1851,-4675.3755,2373.222,1889.0235,7.5375,0.5844
494,2017-03-09,282.3809,-4675.2966,2373.328,1877.8221,5.8555,0.752
495,2017-03-10,300.0707,-4280.9799,2373.854,1875.3004,4.9972,0.9119
496,2017-03-13,237.76,-3114.928,2374.226,1867.3396,11.5932,0.342
497,2017-03-14,210.8875,-3115.2627,2374.407,1852.2796,37.7395,0.1113
498,2017-03-15,288.8007,-3098.4447,2373.337,1857.1442,5.5045,0.9074
499,2017-03-16,253.8022,-3098.6066,2373.283,1848.6994,8.4346,0.5931
500,2017-03-17,230.7301,-3098.7373,2372.796,1838.4689,14.0165,0.3587
501,2017-03-20,236.4143,-3098.9368,2372.612,1824.9955,11.9847,0.4159
502,2017-03-21,75.5038,-4996.1619,2370.175,1803.0093,-2.2129,-2.1678
503,2017-03-22,103.545,-3925.5422,2368.722,1787.9412,-3.147,-1.4052
504,2017-03-23,96.6196,-3925.6466,2366.831,1783.7642,-2.8692,-1.5593
505,2017-03-24,105.1467,-3929.7336,2363.969,1774.2328,-3.217,-1.319
506,2017-03-27,112.8884,-4168.823,2360.781,1760.9925,-3.5918,-1.1316
507,2017-03-28,184.284,-4168.1112,2360.093,1767.5503,-24.4517,-0.1866
508,2017-03-29,186.6706,-4168.0038,2357.68,1765.1166,-29.0087,-0.1582
509,2017-03-30,183.8202,-4167.7133,2356.348,1763.0392,-23.7222,-0.1914
510,2017-03-31,165.0179,-4167.9372,2354.795,1755.6473,-10.4344,-0.4529
511,2017-04-03,176.9369,-4168.0998,2353.332,1742.3593,-16.3437,-0.2794
512,2017-04-04,112.4209,-4168.0445,2354.946,1736.3753,-3.5673,-1.0523
513,2017-04-05,106.2487,-3780.1733,2355.396,1732.4866,-3.2666,-1.1938
514,2017-04-06,127.8161,-3466.8641,2356.549,1723.3258,-4.5414,-0.8729
515,2017-04-07,134.4303,-2988.7437,2357.705,1716.9956,-5.1004,-0.7554
516,2017-04-10,304.1206,-2447.4574,2359.262,1712.0694,4.8417,0.5606
517,2017-04-11,237.2477,-2447.6001,2358.783,1699.1263,11.7389,0.227
518,2017-04-12,194.1107,-2447.9739,2357.163,1691.735,-66.9199,-0.0439
519,2017-04-13,138.6276,-3712.6624,2353.252,1678.5485,-5.5176,-0.6412
520,2017-04-17,231.8521,-3711.8153,2351.881,1679.3675,13.558,0.3169
521,2017-04-18,138.6626,-3712.1033,2350.216,1672.8392,-5.5213,-0.6945
522,2017-04-19,120.0418,-3712.273,2348.017,1667.9429,-4.0026,-0.9724
523,2017-04-20,157.4439,-3711.5268,2348.306,1670.4707,-8.3994,-0.516
524,2017-04-21,152.6332,-3177.5958,2347.426,1663.0634,-7.4447,-0.5938
525,2017-04-24,255.3099,-4319.9951,2349.287,1674.3695,8.232,0.649
526,2017-04-25,302.7823,-5766.0156,2352.432,1678.0602,4.8917,1.2054
527,2017-04-26,339.9302,-5766.0642,2355.799,1673.9346,3.8586,1.4662
528,2017-04-27,326.8702,-5782.0069,2360.183,1665.3967,4.1528,1.3268
529,2017-04-28,310.3781,-5782.1982,2365.708,1658.3341,4.6239,1.2167
530,2017-05-01,320.0459,-5782.0253,2369.64,1653.8507,4.3321,1.3224
531,2017-05-02,354.0246,-6021.9971,2374.538,1648.185,3.597,1.5885
532,2017-05-03,402.1501,-6022.1242,2379.534,1639.2869,2.9787,1.8423
533,2017-05-04,652.6827,-6022.0661,2382.902,1634.2066,1.8836,2.6007
534,2017-05-05,575.778,-5912.0117,2387.962,1634.3579,2.0645,2.1405
535,2017-05-08,773.6079,-5920.9961,2390.485,1629.767,1.6973,2.4417
536,2017-05-09,839.2689,-5921.0986,2391.316,1623.3549,1.6257,2.5126
537,2017-05-10,676.4843,-4893.9942,2392.534,1617.1239,1.8395,1.8588
538,2017-05-11,757.2416,-4894.2105,2393.101,1606.7183,1.7178,1.9479
539,2017-05-12,367.8339,-2348.3619,2393.7709,1600.8268,3.3833,0.7055
540,2017-05-15,337.3729,-1612.0117,2395.1699,1601.9119,3.9118,0.574
541,2017-05-16,329.2894,-1612.0804,2396.1199,1596.6302,4.0938,0.5537
542,2017-05-17,100.952,-4330.8892,2393.01,1567.9812,-3.0384,-1.3287
543,2017-05-18,137.9033,-4330.5274,2390.63,1562.6303,-5.4416,-0.7751
544,2017-05-19,177.8223,-4329.861,2388.874,1568.5287,-17.0361,-0.2763
545,2017-05-22,209.5769,-4329.3494,2388.338,1571.3559,42.767,0.1192
546,2017-05-23,236.4378,-4329.1662,2388.488,1569.8349,11.9776,0.4309
547,2017-05-24,252.6554,-4535.9864,2388.964,1567.7684,8.5966,0.6223
548,2017-05-25,255.8783,-5604.0039,2391.027,1569.7078,8.1584,0.6577
549,2017-05-26,258.216,-5679.0039,2393.519,1564.6785,7.871,0.6852
550,2017-05-30,256.174,-5679.1244,2394.578,1557.5439,8.1207,0.6671
551,2017-05-31,241.9371,-5679.1703,2395.691,1550.7506,10.5381,0.5072
552,2017-06-01,334.7968,-7103.003,2402.994,1554.4348,3.9674,1.4876
553,2017-06-02,395.3766,-8004.0039,2410.329,1555.8213,3.0473,2.0147
554,2017-06-05,329.2273,-8004.1257,2415.766,1550.4835,4.0953,1.4061
555,2017-06-06,299.8613,-8004.4032,2419.297,1541.1304,5.0056,1.1938
556,2017-06-07,1306.2473,-8004.247,2422.769,1535.3588,1.3616,3.2291
557,2017-06-08,1189.3899,-7135.2262,2425.709,1531.4108,1.4043,2.8774
558,2017-06-09,834.2199,-5534.3081,2427.379,1524.2872,1.6307,2.101
559,2017-06-12,589.5327,-4305.4017,2428.736,1515.9403,2.0269,1.4774
560,2017-06-13,661.7821,-3993.0176,2431.48,1517.6274,1.8662,1.7482
561,2017-06-14,525.6871,-3396.1201,2434.092,1511.4877,2.2282,1.3945
562,2017-06-15,333.5102,-2655.3282,2434.332,1500.9241,3.996,0.7201
563,2017-06-16,333.0491,-2655.2999,2433.74,1496.7101,4.0064,0.7173
564,2017-06-19,550.4737,-3965.9912,2435.476,1503.9197,2.1413,1.6805
565,2017-06-20,331.2004,-3966.6609,2436.246,1493.2994,4.0488,1.0461
566,2017-06-21,227.8337,-2213.7158,2436.493,1484.8455,15.3711,0.2284
567,2017-06-22,177.7017,-2213.7611,2436.564,1479.9669,-16.9386,-0.1874
568,2017-06-23,211.5725,-2213.6062,2437.217,1475.2676,35.5646,0.0903
569,2017-06-26,262.3354,-2213.5748,2438.185,1473.4999,7.4169,0.4009
570,2017-06-27,145.9761,-3209.3969,2436.088,1458.9064,-6.4041,-0.5655
571,2017-06-28,227.0901,-3208.5283,2436.365,1460.9513,15.7656,0.2835
572,2017-06-29,165.4699,-3209.3838,2435.089,1447.4762,-10.5841,-0.4963
573,2017-06-30,182.2895,-3209.2326,2434.115,1445.0759,-21.5854,-0.2462
574,2017-07-03,166.4148,-3209.0043,2431.67,1444.5205,-10.91,-0.4647
575,2017-07-05,183.472,-3208.8605,2431.221,1438.5883,-23.2013,-0.2207
576,2017-07-06,144.8989,-4172.7777,2428.635,1424.784,-6.2594,-0.9336
577,2017-07-07,180.6625,-4172.1488,2427.703,1425.6051,-19.6852,-0.3276
578,2017-07-10,136.8434,-4172.0571,2426.616,1424.7205,-5.3335,-1.061
579,2017-07-11,166.1267,-2894.6152,2425.262,1417.817,-10.8087,-0.4719
580,2017-07-12,222.984,-3150.0,2427.649,1425.0364,18.4034,0.3137
581,2017-07-13,240.7834,-3608.0078,2428.363,1423.3874,10.8079,0.5475
582,2017-07-14,264.1577,-4752.002,2432.32,1424.8941,7.2346,0.86
583,2017-07-17,261.2817,-4752.0073,2435.893,1422.1006,7.5272,0.8228
584,2017-07-18,380.0051,-4886.0107,2439.053,1416.0158,3.2222,1.7042
585,2017-07-19,344.685,-6208.0078,2443.182,1419.0963,3.7646,1.3578
586,2017-07-20,626.584,-6208.0232,2449.552,1415.8013,1.9377,2.2213
587,2017-07-21,576.3303,-6208.0599,2454.288,1409.1716,2.0629,2.0273
588,2017-07-24,484.6177,-6208.1663,2458.536,1404.3161,2.4054,1.6838
589,2017-07-25,510.2956,-6537.9883,2463.696,1404.2423,2.2891,1.8331
590,2017-07-26,2488.3306,-6608.0078,2467.154,1399.6977,1.1748,2.8252
591,2017-07-27,1401.863,-5065.1119,2469.913,1392.1252,1.3328,2.0716
592,2017-07-28,964.8886,-5030.2361,2471.196,1385.8629,1.523,1.8402
593,2017-07-31,973.2086,-5030.3088,2472.312,1382.6674,1.5173,1.8458
594,2017-08-01,771.6611,-3258.0675,2473.886,1379.9805,1.6997,1.3548
595,2017-08-02,713.6298,-2800.0105,2474.26,1375.254,1.7788,1.215
596,2017-08-03,351.7308,-1669.2473,2474.131,1369.5071,3.6362,0.5241
597,2017-08-04,409.8436,-1669.0589,2474.56,1367.4558,2.9062,0.7194
598,2017-08-07,440.7993,-1829.9805,2475.66,1364.7964,2.6611,0.825
599,2017-08-08,209.539,-900.2414,2475.439,1360.183,42.9332,0.0441
600,2017-08-09,204.8786,-900.2777,2475.058,1351.2096,82.9905,0.023
601,2017-08-10,82.1695,-4071.7162,2471.337,1334.4583,-2.3947,-1.3885
602,2017-08-11,97.233,-4071.5909,2468.259,1328.3927,-2.8923,-1.1575
603,2017-08-14,159.4185,-4070.6025,2467.813,1336.3734,-8.8567,-0.4558
604,2017-08-15,153.5082,-4070.6521,2466.639,1333.7533,-7.6037,-0.5335
605,2017-08-16,173.1553,-4070.511,2465.693,1332.1654,-13.9005,-0.2953
606,2017-08-17,105.6702,-4892.0419,2461.478,1313.4969,-3.2404,-1.7026
607,2017-08-18,102.6117,-5338.2177,2456.35,1303.3238,-3.1073,-1.8115
608,2017-08-21,95.5824,-5338.1041,2451.096,1298.5894,-2.8308,-1.9375
609,2017-08-22,145.4624,-5337.131,2448.8551,1307.5007,-6.3344,-1.0115
610,2017-08-23,140.7753,-5337.4724,2445.8571,1303.1284,-5.7539,-1.1375
611,2017-08-24,124.3025,-5337.6768,2445.9331,1298.4325,-4.2842,-1.5286
612,2017-08-25,124.303,-5337.5123,2446.1061,1297.8747,-4.2842,-1.526
613,2017-08-28,134.7513,-4738.2269,2443.946,1293.5737,-5.1304,-1.2396
614,2017-08-29,140.4769,-4648.1175,2442.115,1289.0187,-5.7201,-1.1204
615,2017-08-30,267.6089,-4056.432,2441.063,1292.8918,6.9164,0.7949
616,2017-08-31,305.8078,-4409.9853,2445.227,1298.2548,4.7804,1.2424
617,2017-09-01,237.3625,-4900.0,2450.327,1298.6718,11.7059,0.4343
618,2017-09-05,181.9251,-4900.7551,2453.275,1285.5269,-21.1302,-0.2743
619,2017-09-06,193.1282,-4900.4446,2454.578,1285.5988,-57.2086,-0.1041
620,2017-09-07,388.9617,-4900.4623,2456.684,1282.3384,3.1168,1.444
621,2017-09-08,397.4129,-4900.6105,2458.93,1278.1101,3.0262,1.4792
622,2017-09-11,528.6923,-5773.999,2463.436,1286.2037,2.2169,2.4601
623,2017-09-12,441.9249,-5551.0009,2468.66,1288.3648,2.6534,1.7929
624,2017-09-13,589.7405,-5740.0146,2473.867,1285.6684,2.0263,2.223
625,2017-09-14,643.2709,-5740.1247,2477.67,1281.4535,1.9024,2.3227
626,2017-09-15,647.4163,-5517.9931,2480.5281,1279.3353,1.894,2.3405
627,2017-09-18,666.5884,-5763.0127,2483.2601,1278.9825,1.8573,2.4396
628,2017-09-19,672.22,-5834.9853,2488.14,1276.3124,1.8471,2.467
629,2017-09-20,596.3207,-4864.9902,2492.41,1272.009,2.0093,2.061
630,2017-09-21,374.399,-4839.2938,2495.96,1267.241,3.2936,1.1713
631,2017-09-22,354.6383,-4839.2292,2500.039,1262.981,3.5867,1.0365
632,2017-09-25,586.9362,-4839.4509,2500.894,1256.9947,2.0338,1.579
633,2017-09-26,512.0634,-4481.4603,2500.93,1255.1103,2.2818,1.2695
634,2017-09-27,627.5198,-4481.0536,2501.797,1255.0819,1.9356,1.7013
635,2017-09-28,809.784,-4663.0127,2503.241,1253.2462,1.656,1.9757
636,2017-09-29,591.8507,-2925.0,2505.154,1253.7449,2.0208,1.256
637,2017-10-02,609.282,-3150.0,2507.679,1255.6528,1.9773,1.3074
638,2017-10-03,654.0448,-3695.9961,2510.472,1255.3497,1.881,1.4493
639,2017-10-04,838.1823,-4011.9873,2513.422,1253.5674,1.6268,1.6878
640,2017-10-05,985.4588,-5341.0156,2518.569,1255.6138,1.5093,2.0734
641,2017-10-06,770.3906,-5341.123,2523.2801,1251.3685,1.7013,1.8156
642,2017-10-09,570.7888,-5341.3032,2528.0871,1246.7951,2.0788,1.5192
643,2017-10-10,612.8512,-5341.0716,2533.467,1245.1111,1.9689,1.6904
644,2017-10-11,1047.1205,-5658.0078,2538.287,1242.5835,1.4722,2.1851
645,2017-10-12,766.059,-5658.1765,2542.374,1238.141,1.7066,1.9467
646,2017-10-13,1170.1168,-5658.0888,2545.755,1235.7754,1.4123,2.2634
647,2017-10-16,1243.7604,-5879.9805,2548.607,1233.1549,1.3832,2.4351
648,2017-10-17,1098.1873,-5032.0068,2551.085,1230.0715,1.4453,2.0869
649,2017-10-18,1078.9581,-4919.9951,2553.437,1228.1945,1.4551,2.0398
650,2017-10-19,933.7246,-4073.9991,2554.44,1222.3897,1.5452,1.6965
651,2017-10-20,991.232,-4408.9844,2557.028,1226.2088,1.5055,1.8224
652,2017-10-23,477.8768,-3863.3855,2559.053,1220.6521,2.4395,1.1994
653,2017-10-24,486.9261,-3547.2332,2560.902,1216.8001,2.3941,1.2369
654,2017-10-25,230.0048,-2848.6994,2561.093,1206.9271,14.3312,0.199
655,2017-10-26,271.1426,-2848.5732,2562.04,1206.4872,6.6225,0.4342
656,2017-10-27,474.0578,-3434.0088,2564.83,1209.8273,2.4595,1.4281
657,2017-10-30,327.6765,-2843.3367,2566.349,1204.7139,4.1329,0.87
658,2017-10-31,315.19,-2814.2387,2567.939,1201.839,4.4725,0.7835
659,2017-11-01,386.7338,-2814.0799,2569.749,1200.9483,3.1421,1.1145
660,2017-11-02,375.2395,-2590.0619,2571.524,1194.8444,3.2826,1.045
661,2017-11-03,398.3596,-2869.0186,2572.787,1195.4212,3.0165,1.1808
662,2017-11-06,408.6688,-3197.9981,2575.402,1194.5127,2.9169,1.2413
663,2017-11-07,389.9156,-3198.017,2577.553,1191.1445,3.1062,1.1471
664,2017-11-08,408.6609,-3522.9981,2581.276,1187.9665,2.917,1.2599
665,2017-11-09,246.2419,-3523.3743,2583.698,1178.5132,9.6502,0.3654
666,2017-11-10,305.643,-3523.4637,2583.821,1175.795,4.7863,0.6753
667,2017-11-13,295.8237,-3523.3658,2585.022,1173.2571,5.1743,0.6115
668,2017-11-14,362.2135,-3523.5959,2585.383,1166.5072,3.4659,0.8494
669,2017-11-15,220.5715,-3199.1452,2583.909,1158.6215,20.4444,0.1648
670,2017-11-16,222.2756,-2776.3135,2584.488,1163.8912,18.9568,0.1771
671,2017-11-17,230.4198,-2776.5752,2583.589,1159.3628,14.1493,0.234
672,2017-11-20,234.7648,-2776.4484,2582.69,1156.8836,12.5059,0.2672
673,2017-11-21,299.3943,-3240.9912,2583.529,1160.5117,5.0244,0.7626
674,2017-11-22,282.977,-3241.0662,2583.799,1157.7564,5.8206,0.6679
675,2017-11-24,270.2143,-3579.9805,2585.579,1156.5323,6.6968,0.5634
676,2017-11-27,248.3901,-3580.0189,2587.491,1153.1233,9.2662,0.3971
677,2017-11-28,373.171,-6041.9922,2591.711,1157.9112,3.3099,1.4051
678,2017-11-29,347.3636,-6042.0291,2596.431,1157.5742,3.7144,1.2215
679,2017-11-30,578.7093,-8095.9961,2604.727,1162.7235,2.0562,2.4359
680,2017-12-01,530.2301,-8096.1986,2610.385,1152.7686,2.2113,2.3204
681,2017-12-04,479.4988,-8096.3036,2616.444,1155.9713,2.4311,2.1123
682,2017-12-05,435.9799,-8096.6763,2621.187,1146.6008,2.6951,1.966
683,2017-12-06,645.5576,-8096.6877,2624.211,1140.4423,1.8978,2.5208
684,2017-12-07,553.8283,-6673.3984,2628.201,1139.4079,2.1305,1.9856
685,2017-12-08,853.6209,-7064.9902,2633.109,1142.2846,1.612,2.8171
686,2017-12-11,900.4064,-7585.0097,2638.966,1142.3026,1.5711,3.0149
687,2017-12-12,785.5163,-6503.0029,2642.673,1141.841,1.6832,2.504
688,2017-12-13,810.6769,-6503.0502,2646.351,1138.6951,1.655,2.5325
689,2017-12-14,506.2995,-6069.4727,2646.794,1131.2634,2.3059,1.9055
690,2017-12-15,674.1226,-7239.0137,2650.153,1133.9069,1.8437,2.8596
691,2017-12-18,602.292,-6208.9844,2655.225,1138.4236,1.9943,2.4027
692,2017-12-19,483.3748,-6209.3074,2660.415,1132.4385,2.4116,2.1096
693,2017-12-20,353.2908,-5889.3947,2665.413,1127.1609,3.6094,1.1962
694,2017-12-21,435.5403,-5889.197,2670.172,1125.3631,2.6982,1.6028
695,2017-12-22,455.1599,-5889.2427,2673.356,1119.8055,2.5676,1.6632
696,2017-12-26,572.0212,-5889.3483,2675.407,1115.3749,2.0752,1.9368
697,2017-12-27,594.0173,-5889.2695,2677.258,1112.6653,2.0152,2.0291
698,2017-12-28,573.4115,-5118.0906,2679.727,1110.6442,2.0712,1.9173
699,2017-12-29,307.8279,-3666.6064,2681.887,1104.4573,4.7096,0.8339
700,2018-01-02,374.6894,-4180.0049,2683.887,1105.9347,3.2898,1.3466
701,2018-01-03,438.722,-5905.0049,2686.1771,1109.6124,2.6756,1.8374
702,2018-01-04,507.6221,-6997.998,2690.4291,1112.5384,2.3003,2.296
703,2018-01-05,830.5096,-8913.9892,2696.819,1114.5953,1.6344,3.4366
704,2018-01-08,697.4066,-7209.9854,2703.133,1113.3108,1.8042,2.687
705,2018-01-09,622.9008,-7567.9932,2709.928,1112.7054,1.9458,2.2724
706,2018-01-10,773.5389,-7568.1044,2716.701,1105.4216,1.6974,2.4897
707,2018-01-11,1038.6497,-9194.9952,2725.195,1108.8016,1.477,3.2961
708,2018-01-12,1165.5236,-11062.9883,2735.065,1112.4079,1.4143,3.7872
709,2018-01-16,827.8541,-11063.3407,2745.346,1109.3654,1.6371,3.4688
710,2018-01-17,1110.5542,-12694.9952,2756.021,1109.9614,1.4393,4.5536
711,2018-01-18,936.5002,-12695.1568,2764.518,1106.7794,1.5431,4.3021
712,2018-01-19,983.4056,-13468.9942,2773.149,1105.4934,1.5106,4.5677
713,2018-01-22,2030.654,-15735.9864,2782.131,1108.6423,1.2185,5.9605
714,2018-01-23,1846.3932,-14131.9824,2791.273,1109.232,1.243,5.3164
715,2018-01-24,1510.3155,-12407.0384,2799.898,1105.0827,1.3053,4.5882
716,2018-01-25,1413.2632,-11326.001,2809.0,1100.9853,1.3297,4.2313
717,2018-01-26,1565.4759,-12772.0215,2819.531,1106.2186,1.2929,4.7289
718,2018-01-29,752.0074,-12316.6888,2826.26,1099.3225,1.7246,3.8512
719,2018-01-30,404.8955,-12265.7694,2830.861,1081.8624,2.9522,2.5857
720,2018-01-31,427.719,-12265.7214,2832.986,1077.3579,2.7566,2.7501
721,2018-02-01,359.5653,-10332.7772,2835.381,1072.502,3.5068,1.9664
722,2018-02-02,162.3457,-10877.8781,2830.564,1050.1562,-9.623,-0.8653
723,2018-02-05,89.8329,-22200.8123,2812.161,1009.9751,-2.6308,-4.5915
724,2018-02-06,107.1684,-22199.2041,2797.762,999.4323,-3.3089,-3.8329
725,2018-02-07,103.1783,-22199.6733,2782.174,1010.3055,-3.1313,-4.159
726,2018-02-08,65.529,-28997.1712,2756.349,975.9904,-1.9746,-8.1593
727,2018-02-09,74.8417,-28995.8294,2731.017,966.8888,-2.196,-7.5334
728,2018-02-12,92.6051,-28994.5606,2711.264,985.9848,-2.7246,-6.4502
729,2018-02-13,97.1277,-28994.319,2695.315,986.1554,-2.8883,-6.1532
730,2018-02-14,117.1483,-28993.0767,2682.7969,994.4031,-3.8279,-4.9527
731,2018-02-15,116.5296,-28991.943,2673.7189,1005.2467,-3.7921,-4.9313
732,2018-02-16,124.2073,-27057.2541,2670.728,1010.1452,-4.2776,-4.2512
733,2018-02-20,130.3735,-24084.8146,2677.46,1000.7451,-4.7449,-3.7616
734,2018-02-21,123.4261,-24085.3433,2678.079,996.7678,-4.2237,-4.3374
735,2018-02-22,125.7899,-23902.1802,2680.309,991.9435,-4.3901,-4.1822
736,2018-02-23,188.5138,-17913.5252,2696.939,999.0421,-33.8244,-0.5369
737,2018-02-26,380.1839,-19660.0098,2712.944,1009.628,3.22,4.9325
738,2018-02-27,254.4942,-19661.2805,2721.772,1001.9922,8.3402,1.8233
739,2018-02-28,232.6071,-19662.376,2726.861,987.9103,13.2673,1.1996
740,2018-03-01,345.5652,-19663.6769,2724.765,970.1347,3.7479,3.7454
741,2018-03-02,307.9655,-15808.1834,2720.77,963.7284,4.7049,2.7371
742,2018-03-05,297.7863,-12162.1202,2719.642,972.9036,5.0906,2.445
743,2018-03-06,298.1481,-11467.8678,2720.828,976.3985,5.0755,2.4477
744,2018-03-07,242.0011,-9994.9172,2723.375,972.4079,10.5236,1.0439
745,2018-03-08,211.5849,-9994.4793,2726.876,975.353,35.5276,0.2845
746,2018-03-09,281.0348,-10690.0146,2730.803,988.0659,5.9362,1.9892
747,2018-03-12,309.6852,-10690.142,2731.145,989.5077,4.6468,2.4578
748,2018-03-13,302.7706,-10690.7775,2733.248,982.4817,4.8922,2.3685
749,2018-03-14,264.8709,-10691.3456,2736.813,972.9411,7.1661,1.6835
750,2018-03-15,200.0421,-10691.4228,2743.779,967.9961,9491.1751,0.0011
751,2018-03-16,161.2744,-10691.2548,2749.855,966.9512,-9.3291,-0.9926
752,2018-03-19,157.1174,-10692.6576,2749.053,950.3749,-8.3278,-1.1427
753,2018-03-20,205.3706,-10692.5134,2747.935,948.4781,75.4794,0.1146
754,2018-03-21,280.9354,-10692.6932,2746.448,947.4866,5.9422,1.2795
755,2018-03-22,137.7894,-14093.1402,2736.92,923.4425,-5.4298,-1.7672
756,2018-03-23,72.6253,-19638.1224,2717.089,903.6526,-2.1403,-4.8763
757,2018-03-26,133.2117,-19635.6,2704.642,913.283,-4.9891,-2.5501
758,2018-03-27,109.7178,-19637.2482,2689.373,907.16,-3.4305,-4.1873
759,2018-03-28,97.1677,-19637.5217,2674.925,899.3834,-2.8898,-4.8913
760,2018-03-29,88.164,-19636.2344,2664.279,907.6809,-2.5767,-5.2286
761,2018-04-02,72.6962,-19921.2411,2647.266,889.8748,-2.1421,-7.2274
762,2018-04-03,98.8501,-18148.4731,2637.419,893.0234,-2.9545,-5.4555
763,2018-04-04,125.8019,-16816.9124,2630.194,898.9769,-4.391,-3.8113
764,2018-04-05,139.7168,-16816.2529,2625.285,911.6658,-5.6353,-3.0753
765,2018-04-06,112.8736,-16818.3739,2621.363,893.6592,-3.591,-5.3612
766,2018-04-09,133.4024,-13309.8255,2623.853,896.0172,-5.0062,-3.6772
767,2018-04-10,159.8987,-13308.2167,2623.685,904.3792,-8.9747,-2.2109
768,2018-04-11,154.8989,-12807.5765,2626.642,901.0828,-7.869,-2.5716
769,2018-04-12,216.8451,-8011.0107,2632.541,905.5847,24.7458,0.7679
770,2018-04-13,270.4055,-8011.2994,2634.084,902.7449,6.6814,2.6288
771,2018-04-16,219.9607,-9396.0205,2643.68,906.9435,21.0394,0.7256
772,2018-04-17,327.2744,-12251.001,2652.874,915.1121,4.1428,3.5891
773,2018-04-18,348.3426,-12476.001,2659.269,915.4487,3.6965,3.9785
774,2018-04-19,267.3275,-12476.5736,2662.298,907.4857,6.9411,1.9789
775,2018-04-20,348.0373,-12477.4224,2668.865,899.5225,3.702,3.4184
776,2018-04-23,293.6598,-10218.408,2674.578,896.3864,5.2708,2.1358
777,2018-04-24,186.9267,-10219.7271,2672.347,885.9732,-29.5966,-0.383
778,2018-04-25,169.7488,-10219.5485,2672.068,880.1918,-12.2226,-0.8803
779,2018-04-26,329.3373,-10218.5317,2672.363,889.945,4.0927,2.3986
780,2018-04-27,317.4947,-9349.428,2673.724,890.3752,4.4044,2.1717
781,2018-04-30,185.1088,-7210.2203,2670.7449,885.7383,-25.8615,-0.332
782,2018-05-01,224.3017,-7209.9711,2665.586,879.2878,17.4598,0.4773
783,2018-05-02,153.9174,-7210.6774,2658.289,877.1907,-7.6801,-1.0631
784,2018-05-03,156.1405,-7693.9046,2651.949,868.1714,-8.12,-1.0003
785,2018-05-04,176.1965,-7692.6608,2651.277,877.392,-15.8042,-0.5385
786,2018-05-07,144.272,-7692.3207,2651.511,884.4057,-6.1777,-1.2474
787,2018-05-08,139.7391,-7692.347,2655.2469,880.9956,-5.6378,-1.3557
788,2018-05-09,208.763,-6606.0059,2661.086,887.7344,46.6465,0.173
789,2018-05-10,326.9767,-9134.0088,2666.699,895.5582,4.1502,1.9823
790,2018-05-11,337.7714,-9598.9991,2672.48,896.6884,3.9034,2.1507
791,2018-05-14,601.2176,-9839.9903,2680.688,897.2349,1.997,3.6275
792,2018-05-15,417.2806,-9840.6745,2686.353,887.9012,2.8409,2.7298
793,2018-05-16,367.4311,-9840.2712,2695.032,889.8143,3.389,2.0818
794,2018-05-17,346.3075,-9840.3566,2704.0719,888.2895,3.734,1.881
795,2018-05-18,440.6672,-9840.6188,2709.027,884.1535,2.662,2.4516
796,2018-05-21,489.9352,-10128.003,2715.065,889.0209,2.3796,2.946
797,2018-05-22,609.1737,-10128.3166,2720.317,886.2655,1.9776,3.368
798,2018-05-23,753.0584,-10156.0059,2723.867,883.1977,1.7233,3.938
799,2018-05-24,499.3956,-6787.214,2724.336,880.5549,2.336,2.4157
800,2018-05-25,397.1272,-5937.4493,2723.697,878.5862,3.0291,1.8222
801,2018-05-29,244.7554,-5938.6006,2719.67,867.2212,9.9375,0.6714
802,2018-05-30,265.411,-4143.3327,2720.926,874.7608,7.1152,0.9719
803,2018-05-31,164.0076,-4144.0183,2719.207,870.1486,-10.1134,-0.6537
804,2018-06-01,213.9524,-4276.001,2720.656,875.6894,29.6689,0.253
805,2018-06-04,233.8495,-5501.001,2724.046,879.3473,12.817,0.6132
806,2018-06-05,293.1076,-5693.9942,2725.625,878.1792,5.2961,1.3775
807,2018-06-06,324.3678,-8048.9991,2730.4161,882.4032,4.2163,1.8325
808,2018-06-07,325.7895,-8049.0705,2734.1241,882.5812,4.1799,1.847
809,2018-06-08,381.6834,-8716.9922,2739.2511,882.0994,3.2016,2.435
810,2018-06-11,334.736,-9013.9893,2745.3181,883.7048,3.9688,1.7925
811,2018-06-12,394.576,-9498.9991,2755.0171,882.2038,3.0558,2.2908
812,2018-06-13,312.3518,-9499.4017,2760.1791,878.8474,4.5602,1.549
813,2018-06-14,356.7294,-9499.1556,2767.901,877.7621,3.5522,2.0064
814,2018-06-15,376.116,-9499.2571,2772.405,873.3265,3.2712,2.1434
815,2018-06-18,612.4362,-9499.4692,2775.093,869.5739,1.9698,3.1187
816,2018-06-19,348.8426,-7958.8783,2776.472,864.0315,3.6874,1.4163
817,2018-06-20,574.9237,-7958.7086,2775.969,866.3436,2.0669,2.2937
818,2018-06-21,259.7704,-5024.329,2773.908,859.9988,7.6923,0.5536
819,2018-06-22,231.6216,-3799.1453,2771.493,859.3717,13.6496,0.2916
820,2018-06-25,128.2695,-6780.5069,2765.0,845.4013,-4.5764,-1.1543
821,2018-06-26,88.5723,-6780.292,2758.621,845.512,-2.5898,-1.7779
822,2018-06-27,71.288,-8525.1512,2751.021,841.2899,-2.1077,-2.5535
823,2018-06-28,85.8809,-8524.5527,2744.403,838.668,-2.5051,-2.2569
824,2018-06-29,84.2253,-8524.4788,2738.274,842.5851,-2.455,-2.2872
825,2018-07-02,90.5749,-8524.1795,2733.57,838.3583,-2.6555,-2.158
826,2018-07-03,88.7424,-8088.5002,2728.633,837.9899,-2.5953,-2.2485
827,2018-07-05,118.2103,-8087.6596,2725.562,839.9504,-3.8906,-1.6489
828,2018-07-06,163.7164,-7803.7167,2726.568,845.9657,-10.0243,-0.7138
829,2018-07-09,220.1449,-8254.0039,2729.497,853.4198,20.8562,0.3757
830,2018-07-10,267.7213,-9221.0205,2737.174,855.7571,6.9066,1.1312
831,2018-07-11,211.9524,-9221.7299,2742.27,849.2623,34.4659,0.2421
832,2018-07-12,302.6547,-9666.0156,2752.136,852.9491,4.8966,1.7649
833,2018-07-13,298.2129,-9968.0176,2760.636,853.3264,5.0728,1.6854
834,2018-07-16,472.9264,-9968.1204,2768.642,851.2012,2.4656,2.9944
835,2018-07-17,490.1357,-10792.0166,2776.926,851.7284,2.3787,3.1762
836,2018-07-18,841.0038,-11399.0234,2787.166,852.7952,1.624,4.2965
837,2018-07-19,572.6938,-10040.4099,2793.954,848.7655,2.0733,3.2463
838,2018-07-20,533.9719,-10040.5044,2798.155,846.6321,2.1977,3.0702
839,2018-07-23,521.2071,-10040.3215,2800.436,844.9438,2.2453,2.9438
840,2018-07-24,787.4445,-10517.9931,2803.092,848.7608,1.6809,3.9503
841,2018-07-25,799.9411,-10745.9961,2810.297,852.4325,1.6667,3.9998
842,2018-07-26,544.057,-8425.3032,2814.212,851.3573,2.1626,2.8125
843,2018-07-27,308.723,-7005.9623,2815.963,844.5278,4.6791,1.2445
844,2018-07-30,221.9109,-7006.5322,2816.38,837.8191,19.2557,0.3135
845,2018-07-31,340.5717,-7006.0512,2817.054,839.0538,3.8455,1.5238
846,2018-08-01,247.7883,-4579.1522,2816.828,837.0733,9.3702,0.5385
847,2018-08-02,282.1623,-4564.6759,2819.101,836.3953,5.8684,0.9249
848,2018-08-03,339.2929,-4564.2146,2822.953,840.5602,3.8716,1.498
849,2018-08-06,335.7365,-4656.9824,2827.295,842.2086,3.9469,1.454
850,2018-08-07,342.3156,-5461.9873,2831.1,844.49,3.8107,1.5212
851,2018-08-08,413.6525,-5462.0135,2832.263,842.2509,2.8722,1.8973
852,2018-08-09,401.8733,-5462.1577,2833.877,839.9709,2.9814,1.847
853,2018-08-10,273.4948,-5385.8658,2835.323,831.3161,6.4426,0.937
854,2018-08-13,203.6904,-5386.2629,2837.256,828.068,109.3899,0.0542
855,2018-08-14,185.2626,-5385.6322,2839.623,829.0629,-26.1419,-0.2147
856,2018-08-15,160.2213,-5386.3875,2840.124,821.1992,-9.0556,-0.6721
857,2018-08-16,256.6139,-5385.6066,2841.471,827.3736,8.0654,0.7759
858,2018-08-17,355.7338,-5385.2764,2842.449,827.5429,3.5685,1.6959
859,2018-08-20,333.5523,-4309.0334,2843.114,828.8299,3.9951,1.4473
860,2018-08-21,370.7106,-4759.9854,2843.565,830.2933,3.3431,1.763
861,2018-08-22,316.7941,-4259.0242,2843.977,827.3856,4.4248,1.2238
862,2018-08-23,251.8955,-4259.1933,2844.317,825.178,8.7078,0.5855
863,2018-08-24,275.8,-5431.9824,2848.458,826.9812,6.277,0.8522
864,2018-08-27,319.4886,-7636.9873,2855.939,832.1022,4.3476,1.3395
865,2018-08-28,325.7347,-7714.9903,2861.695,831.8773,4.1813,1.3934
866,2018-08-29,404.1877,-9366.9922,2871.262,833.5696,2.959,2.1187
867,2018-08-30,461.8165,-9367.4352,2877.306,829.7079,2.5278,2.3947
868,2018-08-31,593.2318,-9367.4218,2882.445,827.0022,2.0172,2.8204
869,2018-09-04,450.7066,-9367.5866,2886.412,823.4907,2.5955,1.9986
870,2018-09-05,641.5583,-9367.8652,2888.976,819.5475,1.9059,2.4919
871,2018-09-06,376.3929,-7136.2449,2890.599,815.6562,3.2677,1.3152
872,2018-09-07,288.4463,-6192.4693,2892.069,812.278,5.5225,0.7561
873,2018-09-10,282.4122,-5507.2725,2892.313,812.7722,5.8536,0.7028
874,2018-09-11,302.3181,-5506.9033,2891.428,811.919,4.9094,0.8708
875,2018-09-12,313.8881,-5506.8679,2890.568,811.9027,4.5122,0.9469
876,2018-09-13,420.8172,-5506.3443,2889.582,814.7589,2.8115,1.6521
877,2018-09-14,341.707,-4036.3216,2889.967,813.28,3.8227,1.0537
878,2018-09-17,173.0531,-4036.8769,2888.695,808.7153,-13.844,-0.2741
879,2018-09-18,223.0444,-4036.3446,2889.454,809.7456,18.3578,0.2343
880,2018-09-19,179.3312,-4036.2197,2891.389,809.9395,-18.3528,-0.209
881,2018-09-20,328.7271,-5707.0068,2896.659,814.3532,4.1073,1.021
882,2018-09-21,319.5322,-5707.0437,2902.458,813.8598,4.3464,0.9702
883,2018-09-24,286.1225,-5707.3951,2906.682,808.0123,5.6445,0.7819
884,2018-09-25,311.6585,-5707.5251,2909.449,806.118,4.5824,0.9333
885,2018-09-26,317.9796,-5707.8523,2911.154,803.2379,4.3904,0.9701
886,2018-09-27,406.6412,-5707.5783,2912.136,802.6351,2.9357,1.4737
887,2018-09-28,379.8444,-5162.5839,2913.036,800.212,3.2241,1.2808
888,2018-10-01,379.1128,-4086.2209,2916.615,802.3058,3.2332,1.2708
889,2018-10-02,363.7869,-3995.2449,2918.527,800.1688,3.4422,1.1946
890,2018-10-03,301.234,-3995.1739,2920.283,799.7885,4.9512,0.7345
891,2018-10-04,189.7945,-3995.9894,2917.369,790.2862,-38.1944,-0.116
892,2018-10-05,190.1973,-4319.5348,2912.959,784.8705,-39.8053,-0.1118
893,2018-10-08,140.692,-4433.5873,2909.465,780.7219,-5.7445,-0.6845
894,2018-10-09,122.368,-4842.7112,2905.943,780.6899,-4.1525,-0.9495
895,2018-10-10,24.9957,-14311.9567,2893.914,759.5823,-1.2857,-4.9499
896,2018-10-11,18.6652,-19936.8516,2875.351,738.2555,-1.2059,-6.8711
897,2018-10-12,56.1873,-19519.4031,2860.666,741.2256,-1.7814,-5.2148
898,2018-10-15,53.0479,-19519.9616,2843.286,740.7889,-1.722,-5.6514
899,2018-10-16,110.5096,-19517.9404,2831.935,751.0253,-3.4698,-3.3053
900,2018-10-17,102.6883,-19517.9647,2820.305,751.7951,-3.1105,-3.5961
901,2018-10-18,86.4649,-19519.3467,2807.022,743.371,-2.5231,-4.9829
902,2018-10-19,77.8642,-19519.3808,2795.243,742.1407,-2.275,-5.3618
903,2018-10-22,74.7382,-19519.7876,2782.388,737.3216,-2.1933,-5.7313
904,2018-10-23,69.251,-19520.3068,2768.423,727.1573,-2.0593,-6.3175
905,2018-10-24,57.0121,-24359.4621,2755.465,713.6149,-1.7974,-8.4612
906,2018-10-25,90.0292,-22753.2349,2753.185,717.5331,-2.6373,-6.2379
907,2018-10-26,78.9921,-22640.8096,2742.341,705.8718,-2.3056,-7.8262
908,2018-10-29,76.2633,-23717.3096,2731.387,702.8978,-2.2327,-8.3008
909,2018-10-30,129.3669,-16671.5222,2718.658,707.5408,-4.6631,-3.6993
910,2018-10-31,185.8153,-16670.4862,2708.911,721.5524,-27.1994,-0.6095
911,2018-11-01,177.1752,-16669.4674,2706.07,724.5108,-16.5248,-0.9671
912,2018-11-02,176.4451,-16670.0834,2701.598,722.8771,-15.9816,-1.0081
913,2018-11-05,139.1719,-16669.5407,2699.841,724.243,-5.5759,-2.5485
914,2018-11-06,154.1961,-16597.9098,2701.317,728.2816,-7.7329,-1.9137
915,2018-11-07,246.4308,-17063.9893,2717.096,742.2294,9.615,1.6292
916,2018-11-08,238.978,-17064.2402,2727.222,742.6315,11.2622,1.4109
917,2018-11-09,223.4543,-17065.1578,2739.454,734.4295,18.0544,0.9119
918,2018-11-12,188.6014,-17067.1049,2747.951,722.7499,-34.092,-0.528
919,2018-11-13,276.243,-17067.2485,2751.906,719.0623,6.2464,2.4879
920,2018-11-14,195.8853,-17067.9806,2750.89,713.0394,-96.2132,-0.1475
921,2018-11-15,297.253,-17066.9635,2749.873,712.7555,5.113,2.6897
922,2018-11-16,346.6134,-17066.7478,2751.194,717.826,3.7283,3.5975
923,2018-11-19,209.2488,-12930.3779,2746.436,708.7428,44.2488,0.3019
924,2018-11-20,137.6338,-17006.1125,2735.08,692.9856,-5.4137,-2.5758
925,2018-11-21,119.2498,-17005.8268,2718.684,695.3504,-3.9536,-3.3003
926,2018-11-23,119.218,-17939.4275,2701.257,689.4785,-3.9516,-3.3235
927,2018-11-26,142.1046,-17937.9744,2690.501,697.4456,-5.909,-2.3686
928,2018-11-27,134.5889,-17937.6645,2686.096,699.2931,-5.1152,-2.6595
929,2018-11-28,137.4276,-17935.4746,2688.257,713.2503,-5.3926,-2.4912
930,2018-11-29,138.0869,-17229.4613,2691.879,716.7202,-5.4607,-2.4594
931,2018-11-30,178.8608,-14645.7445,2694.876,719.8546,-17.9222,-0.7494
932,2018-12-03,290.1112,-15581.0058,2700.286,729.5943,5.439,2.3531
933,2018-12-04,180.6518,-15584.2423,2701.219,711.8675,-19.6737,-0.8126
934,2018-12-06,194.6926,-15584.3896,2706.625,695.4303,-74.366,-0.2084
935,2018-12-07,129.3751,-15586.6427,2704.94,690.5357,-4.6637,-3.5572
936,2018-12-10,128.3351,-15586.4764,2705.456,681.2476,-4.5815,-3.6016
937,2018-12-11,153.1745,-15586.5101,2701.789,687.1223,-7.5424,-2.005
938,2018-12-12,210.1109,-15585.998,2698.679,692.0179,40.5613,0.3475
939,2018-12-13,200.67,-15586.017,2689.354,689.0526,598.0096,0.023
940,2018-12-14,169.7129,-18848.8408,2675.569,676.7073,-12.207,-1.2387
941,2018-12-17,105.3202,-24251.7774,2654.146,662.4331,-3.2248,-4.7695
942,2018-12-18,99.0088,-24251.7695,2629.725,659.8221,-2.9607,-5.0709
943,2018-12-19,46.4884,-28151.1723,2610.415,653.5889,-1.6057,-8.6315
944,2018-12-20,41.9292,-32106.5932,2587.562,638.4663,-1.5305,-9.8758
945,2018-12-21,25.121,-37188.3943,2565.916,630.4901,-1.2873,-12.4467
946,2018-12-24,8.3547,-43742.7443,2537.254,610.5044,-1.0872,-15.7424
947,2018-12-26,73.755,-34704.6018,2520.346,627.1388,-2.1684,-8.6057
948,2018-12-27,86.1978,-34292.6679,2504.122,636.4822,-2.5149,-7.6826
949,2018-12-28,103.1358,-29803.2334,2487.642,646.6029,-3.1295,-5.5957
950,2018-12-31,113.9637,-29802.4371,2478.332,648.7893,-3.6492,-4.9615
951,2019-01-02,116.4139,-29802.3171,2474.741,648.8863,-3.7855,-4.807
952,2019-01-03,88.7964,-29804.6611,2464.914,638.5912,-2.597,-7.6641
953,2019-01-04,134.9941,-29748.4687,2467.412,654.0398,-5.1533,-4.4746
954,2019-01-07,168.0178,-24686.9184,2475.639,663.3461,-11.507,-1.9331
955,2019-01-08,221.8756,-22130.9814,2491.418,669.2734,19.2852,1.1182
956,2019-01-09,229.8129,-23185.9863,2514.804,673.812,14.417,1.5239
957,2019-01-10,281.1252,-24353.9795,2527.698,674.5144,5.9306,3.5772
958,2019-01-11,341.637,-24353.9941,2538.441,675.7894,3.8241,5.2217
959,2019-01-14,429.2996,-24354.5198,2548.128,673.1741,2.7444,6.8687
960,2019-01-15,854.0498,-25719.9951,2558.473,679.4428,1.6116,11.0246
961,2019-01-16,574.4641,-16621.0205,2569.08,683.7415,2.0682,6.0137
962,2019-01-17,571.2588,-18607.0068,2587.887,686.7407,2.0774,5.9116
963,2019-01-18,685.6772,-22082.0068,2601.764,696.6427,1.8236,7.4412
964,2019-01-22,421.1788,-22083.4225,2610.085,688.2994,2.8085,5.0282
965,2019-01-23,425.7764,-22083.2054,2616.514,687.8306,2.7717,5.1262
966,2019-01-24,950.1573,-22083.0694,2622.251,688.79,1.5332,7.9432
967,2019-01-25,712.4246,-13677.2248,2629.063,695.9728,1.7806,5.2458
968,2019-01-28,458.8604,-11903.0077,2633.822,688.0307,2.5452,3.693
969,2019-01-29,371.2538,-9431.1548,2639.561,688.7309,3.3357,2.5478
970,2019-01-30,450.8884,-9643.9942,2646.636,697.783,2.5943,3.7173
971,2019-01-31,480.5755,-11948.9991,2655.436,704.2732,2.4256,4.1384
972,2019-02-01,489.3468,-12191.9922,2662.493,706.5846,2.3824,4.2473
973,2019-02-04,654.7222,-14026.001,2667.909,708.8794,1.8797,5.5084
974,2019-02-05,607.2231,-12539.9902,2678.389,713.3556,1.9823,4.8807
975,2019-02-06,536.47,-11960.2077,2687.6801,712.2308,2.1888,4.4154
976,2019-02-07,348.7797,-10281.161,2694.0521,704.1384,3.6885,2.659
977,2019-02-08,278.9003,-10281.0941,2698.364,702.3743,6.0697,1.3918
978,2019-02-11,472.6476,-10281.024,2704.959,705.1997,2.4671,2.9207
979,2019-02-12,575.9269,-10403.0029,2715.432,712.6759,2.064,4.0183
980,2019-02-13,592.484,-11103.0029,2722.63,716.6862,2.0191,4.1895
981,2019-02-14,454.1831,-11103.2681,2726.793,713.4665,2.5737,3.0385
982,2019-02-15,815.6535,-13360.0098,2733.7,720.1346,1.6497,4.9833
983,2019-02-19,917.639,-13776.001,2739.189,721.684,1.5574,5.2939
984,2019-02-20,732.221,-10164.9902,2743.889,722.4027,1.7516,3.866
985,2019-02-21,490.2594,-7860.3379,2748.216,719.1981,2.3781,2.6175
986,2019-02-22,553.2494,-8461.9873,2756.878,722.8015,2.1323,3.1827
987,2019-02-25,492.1467,-8806.0058,2765.701,725.7584,2.3692,2.6144
988,2019-02-26,420.4775,-8806.0848,2774.111,723.3912,2.8142,2.0528
989,2019-02-27,461.88,-8806.1392,2778.876,720.5748,2.5274,2.2247
990,2019-02-28,745.8546,-8806.4214,2782.022,719.7136,1.7328,2.8987
991,2019-03-01,866.7312,-9381.0058,2787.818,722.6572,1.5999,3.5382
992,2019-03-04,619.0296,-9189.3773,2789.539,719.9797,1.9546,3.0633
993,2019-03-05,410.003,-5696.4969,2790.528,718.5803,2.9047,1.6366
994,2019-03-06,260.4128,-5597.146,2789.203,714.3821,7.6211,0.6691
995,2019-03-07,208.3988,-5597.9492,2786.608,706.8557,48.6258,0.1165
996,2019-03-08,120.7165,-5864.1494,2781.648,702.1378,-4.0452,-1.172
997,2019-03-11,208.6279,-5862.7146,2780.367,711.4675,47.3611,0.1274
998,2019-03-12,216.6221,-5862.4214,2780.129,716.6246,25.0643,0.2449
999,2019-03-13,299.7786,-6584.9854,2781.983,721.1275,5.0089,1.2988
1000,2019-03-14,242.3408,-6585.0722,2784.382,719.9955,10.4471,0.5661
1001,2019-03-15,270.621,-7740.9912,2786.261,722.7504,6.664,0.9431
1002,2019-03-18,307.7416,-8786.9873,2790.274,724.4753,4.7126,1.3973
1003,2019-03-19,312.7045,-8787.0004,2794.566,725.3964,4.5491,1.4393
1004,2019-03-20,310.743,-8787.2948,2799.844,722.0731,4.612,1.4272
1005,2019-03-21,342.6504,-10980.9815,2810.439,726.1752,3.8041,1.8258
1006,2019-03-22,213.7318,-10982.879,2816.203,717.5913,30.1294,0.2829
1007,2019-03-25,215.2477,-10982.9613,2817.709,711.9642,27.2335,0.3122
1008,2019-03-26,297.887,-10982.2572,2820.403,716.7889,5.0863,1.6962
1009,2019-03-27,330.3177,-10982.7157,2819.848,713.048,4.0694,2.0532
1010,2019-03-28,379.2231,-10982.363,2820.544,713.8284,3.2319,2.6383
1011,2019-03-29,326.5482,-6958.7008,2821.736,718.2924,4.1609,1.8359
1012,2019-04-01,387.3957,-7366.9921,2825.161,726.3263,3.1345,2.7107
1013,2019-04-02,339.476,-6687.9883,2828.628,726.7761,3.8679,2.0036
1014,2019-04-03,365.7821,-7303.9795,2833.545,728.2391,3.4128,2.3116
1015,2019-04-04,345.3274,-7902.9786,2835.996,727.7698,3.7524,2.0163
1016,2019-04-05,352.7078,-9237.9883,2845.199,730.6792,3.6194,2.1109
1017,2019-04-08,362.1557,-9540.9913,2854.94,730.1244,3.4668,2.2312
1018,2019-04-09,323.8132,-9541.598,2860.914,726.1582,4.2307,1.911
1019,2019-04-10,276.4629,-9541.2524,2869.1979,727.0179,6.2313,1.1675
1020,2019-04-11,730.8132,-9541.2486,2876.486,726.7767,1.7536,3.1281
1021,2019-04-12,911.351,-10704.9805,2883.787,730.683,1.5623,3.8969
1022,2019-04-15,736.293,-10004.0424,2887.626,729.3577,1.7459,3.0911
1023,2019-04-16,1248.3552,-10003.9915,2891.608,729.5619,1.3816,3.6248
1024,2019-04-17,853.6715,-8997.2365,2894.313,727.7647,1.6119,3.0194
1025,2019-04-18,743.0996,-7101.0829,2896.877,726.1078,1.7365,2.4919
1026,2019-04-22,513.5718,-3878.003,2898.4,726.0017,2.2756,1.4223
1027,2019-04-23,710.8798,-6443.9942,2902.191,730.9366,1.783,2.3172
1028,2019-04-24,531.9987,-5828.2222,2907.096,731.034,2.2048,1.8741
1029,2019-04-25,479.1169,-5348.2541,2910.892,728.4679,2.4331,1.6247
1030,2019-04-26,481.2641,-5967.9932,2916.048,729.7988,2.4222,1.6296
1031,2019-04-29,481.9808,-6283.0078,2919.61,731.9411,2.4185,1.632
1032,2019-04-30,1048.0292,-6563.0127,2923.635,729.7321,1.4717,2.3497
1033,2019-05-01,386.7016,-5562.7619,2925.302,727.2609,3.1425,1.2298
1034,2019-05-02,331.9473,-5551.962,2927.009,721.7364,4.0315,1.011
1035,2019-05-03,372.7518,-4338.0192,2931.07,727.3595,3.3155,1.3149
1036,2019-05-06,296.7261,-4338.4662,2933.52,721.5497,5.1354,0.9255
1037,2019-05-07,155.7585,-5980.1001,2928.557,711.0505,-8.0413,-0.7915
1038,2019-05-08,158.7808,-6443.27,2923.774,709.493,-8.7042,-0.7251
1039,2019-05-09,138.0349,-7313.5604,2918.229,702.7604,-5.4552,-1.1811
1040,2019-05-10,152.0136,-7313.1979,2912.381,703.4236,-7.3357,-0.9137
1041,2019-05-13,64.8583,-13200.5435,2899.265,689.9454,-1.9599,-4.1521
1042,2019-05-14,93.1889,-13199.7784,2888.123,694.1619,-2.7449,-3.1716
1043,2019-05-15,112.9312,-13199.2166,2880.846,695.1462,-3.5941,-2.5703
1044,2019-05-16,126.4183,-13198.3557,2876.726,703.3465,-4.4361,-2.162
1045,2019-05-17,111.8965,-13198.9257,2868.115,700.4463,-3.5401,-2.8372
1046,2019-05-20,98.8746,-13199.5808,2858.891,693.273,-2.9555,-3.5847
1047,2019-05-21,136.4177,-13179.7369,2856.922,698.1432,-5.2911,-2.0306
1048,2019-05-22,135.058,-13180.0116,2854.607,696.2328,-5.1593,-2.0994
1049,2019-05-23,89.1584,-13181.1668,2849.759,686.0725,-2.6088,-4.1892
1050,2019-05-24,98.4105,-11863.6141,2844.225,687.6011,-2.9374,-3.6287
1051,2019-05-28,111.5946,-7968.847,2843.277,683.2821,-3.5246,-2.8314
1052,2019-05-29,103.3488,-9641.4025,2838.138,673.721,-3.1386,-3.3479
1053,2019-05-30,114.184,-9641.1998,2831.928,675.4042,-3.6611,-2.8515
1054,2019-05-31,86.3347,-12738.4731,2819.502,666.8409,-2.5191,-4.4888
1055,2019-06-03,118.6044,-12991.5964,2807.994,663.443,-3.9143,-2.3977
1056,2019-06-04,162.4051,-12989.5514,2804.298,674.9262,-9.6398,-1.0986
1057,2019-06-05,170.0471,-12988.7559,2800.477,681.8819,-12.3543,-0.8702
1058,2019-06-06,160.3646,-12988.1531,2799.199,686.9779,-9.092,-1.1414
1059,2019-06-07,218.5531,-12689.0137,2804.309,694.584,22.5597,0.4829
1060,2019-06-10,271.7757,-14028.0029,2810.376,699.7046,6.5729,1.6372
1061,2019-06-11,232.7153,-14028.0379,2818.709,698.822,13.2267,0.7457
1062,2019-06-12,236.722,-14028.2416,2828.391,695.3623,11.8926,0.8252
1063,2019-06-13,347.1271,-14518.9942,2838.669,696.9562,3.7187,2.459
1064,2019-06-14,323.0705,-14519.1554,2852.161,695.6002,4.2502,2.1556
1065,2019-06-17,431.7277,-14519.0623,2866.683,696.0841,2.7262,3.1145
1066,2019-06-18,681.5228,-17130.0049,2878.131,702.3408,1.8307,4.8411
1067,2019-06-19,691.7797,-18001.001,2888.162,702.9487,1.8134,4.9339
1068,2019-06-20,2309.8204,-20772.9981,2899.231,708.6128,1.1896,7.3443
1069,2019-06-21,2898.2715,-20773.124,2906.943,709.3146,1.1482,7.5064
1070,2019-06-24,1594.3336,-14891.2901,2912.805,706.9814,1.2869,5.0684
1071,2019-06-25,577.3744,-12604.2487,2915.971,700.5878,2.06,3.2281
1072,2019-06-26,470.608,-10870.3618,2919.365,698.0578,2.4782,2.472
1073,2019-06-27,398.576,-7884.9749,2922.693,698.4865,3.0143,1.7951
1074,2019-06-28,411.8589,-7234.4048,2928.171,701.3675,2.888,1.9063
1075,2019-07-01,508.6399,-8248.999,2935.637,707.4512,2.296,2.7241
1076,2019-07-02,613.5388,-9116.9922,2941.163,707.2552,1.9673,3.2352
1077,2019-07-03,662.4083,-10684.0088,2948.099,712.1942,1.865,3.6028
1078,2019-07-05,651.5599,-10684.1894,2951.722,709.7955,1.8858,3.5826
1079,2019-07-08,486.3116,-10415.6779,2954.271,706.7016,2.3971,2.9858
1080,2019-07-09,405.3422,-8004.5443,2957.699,705.6773,2.948,2.1208
1081,2019-07-10,421.0389,-8004.0957,2965.268,709.5796,2.8096,2.2761
1082,2019-07-11,351.7503,-8412.9883,2973.881,709.5528,3.6359,1.548
1083,2019-07-12,423.9081,-9798.9991,2982.766,711.9208,2.7864,2.1458
1084,2019-07-15,468.0782,-9852.002,2990.02,711.9325,2.4921,2.341
1085,2019-07-16,713.8465,-9852.3424,2993.991,709.2167,1.7784,2.9705
1086,2019-07-17,483.9781,-9852.9933,2995.132,704.3518,2.4086,2.4243
1087,2019-07-18,482.1702,-8738.6493,2995.061,702.8403,2.4176,2.3997
1088,2019-07-19,302.1245,-7055.2543,2993.681,701.2961,4.9168,1.1847
1089,2019-07-22,260.659,-4797.9681,2994.589,699.9257,7.5942,0.6983
1090,2019-07-23,295.1204,-3929.2968,2997.173,703.1065,5.2052,1.0918
1091,2019-07-24,269.5675,-4161.0108,2999.822,705.2679,6.7498,0.7924
1092,2019-07-25,233.6847,-4161.537,3000.198,702.7691,12.8748,0.4434
1093,2019-07-26,355.3134,-4791.0156,3001.407,706.0271,3.5754,1.6771
1094,2019-07-29,319.5484,-4725.1616,3002.074,704.6241,4.3459,1.3874
1095,2019-07-30,252.2671,-4725.4191,3002.988,701.2118,8.653,0.6719
1096,2019-07-31,164.4101,-4726.5031,3002.584,693.9808,-10.2392,-0.651
1097,2019-08-01,111.8257,-7032.3942,2998.429,689.5185,-3.5365,-1.9978
1098,2019-08-02,95.939,-9184.1061,2993.973,678.6251,-2.8439,-2.7287
1099,2019-08-05,64.5007,-17917.9974,2979.944,658.9639,-1.952,-5.3029
1100,2019-08-06,104.7378,-17916.7737,2967.574,662.6046,-3.1989,-3.4395
1101,2019-08-07,96.8679,-17916.7006,2954.016,661.1428,-2.8785,-3.7104
1102,2019-08-08,160.8954,-17914.9124,2947.458,674.8577,-9.229,-1.2941
1103,2019-08-09,138.6648,-17915.5548,2936.737,672.8423,-5.5215,-2.2238
1104,2019-08-12,102.718,-17916.7429,2922.91,664.629,-3.1118,-4.0849
1105,2019-08-13,126.1174,-17915.3013,2914.224,671.0694,-4.414,-3.0879
1106,2019-08-14,98.7868,-18332.1235,2900.246,656.1065,-2.9521,-5.429
1107,2019-08-15,89.3586,-18331.8921,2889.65,651.9561,-2.6153,-5.8912
1108,2019-08-16,116.6257,-17841.3664,2885.313,661.3455,-3.7976,-4.3791
1109,2019-08-19,142.1547,-17060.9547,2893.204,670.9432,-5.915,-2.9713
1110,2019-08-20,146.7339,-13780.6584,2895.078,666.6559,-6.5095,-2.6799
1111,2019-08-21,178.6647,-11096.9824,2899.123,670.0418,-17.7483,-0.9863
1112,2019-08-22,192.8074,-9549.5143,2897.609,669.0759,-54.6126,-0.3104
1113,2019-08-23,201.9623,-9552.0956,2890.455,655.4181,204.8463,0.0833
1114,2019-08-26,197.1932,-9551.0313,2890.023,655.3553,-141.5133,-0.1176
1115,2019-08-27,188.1813,-9551.3451,2884.307,656.1476,-32.8446,-0.5139
1116,2019-08-28,160.0062,-9550.7059,2889.041,655.8998,-9.0016,-1.7069
1117,2019-08-29,205.1266,-8372.0565,2896.739,666.1938,79.0245,0.2032
1118,2019-08-30,244.7903,-8385.9863,2900.517,667.2408,9.9305,1.518
1119,2019-09-03,181.3998,-8386.6762,2898.779,661.0636,-20.5051,-0.6852
1120,2019-09-04,349.6577,-9517.9931,2902.506,667.6533,3.6728,3.4211
1121,2019-09-05,397.7366,-12688.9893,2907.663,677.3015,3.0229,4.5091
1122,2019-09-06,338.6468,-12959.9854,2913.239,677.7435,3.885,3.1166
1123,2019-09-09,284.1801,-12959.9948,2926.371,677.1219,5.7517,1.8737
1124,2019-09-10,347.4256,-13027.9786,2936.472,674.6541,3.7132,2.7195
1125,2019-09-11,342.9776,-15181.9825,2949.649,679.0242,3.7976,2.6159
1126,2019-09-12,364.1624,-16045.9961,2961.812,682.7362,3.4366,2.9634
1127,2019-09-13,1205.8312,-16046.0685,2970.093,681.6656,1.3977,5.6296
1128,2019-09-16,779.0796,-13841.4014,2977.243,677.8816,1.6908,4.1544
1129,2019-09-17,1051.2451,-13841.1442,2987.186,678.3659,1.4699,4.7589
1130,2019-09-18,940.5845,-11963.1071,2994.081,676.6033,1.5401,4.1133
1131,2019-09-19,712.5297,-10130.0972,2997.16,679.0524,1.7804,2.811
1132,2019-09-20,480.3848,-10130.5863,2998.496,675.1275,2.4266,2.242
1133,2019-09-23,835.7587,-10130.5959,2999.831,672.7829,1.6292,2.9423
1134,2019-09-24,310.676,-6980.4317,2998.552,668.7579,4.6142,0.981
1135,2019-09-25,234.0634,-4097.8177,2996.946,667.715,12.7428,0.2981
1136,2019-09-26,196.3262,-4098.0586,2993.751,667.1536,-107.8781,-0.0366
1137,2019-09-27,155.5559,-4579.5905,2989.191,663.7451,-8.0001,-0.5587
1138,2019-09-30,192.9223,-4579.0938,2987.069,665.8165,-55.5154,-0.0889
1139,2019-10-01,91.0301,-6734.3101,2980.524,660.6175,-2.6707,-2.022
1140,2019-10-02,51.2774,-12000.0485,2968.6121,645.0867,-1.6896,-4.0524
1141,2019-10-03,80.4176,-11781.196,2958.996,643.8752,-2.345,-3.2174
1142,2019-10-04,139.6982,-11719.8151,2954.99,655.3381,-5.6333,-1.5327
1143,2019-10-07,119.2006,-11720.2547,2949.691,655.6016,-3.9505,-2.2261
1144,2019-10-08,92.4344,-11721.7756,2942.337,645.0996,-2.7187,-3.7805
1145,2019-10-09,117.3029,-11720.8996,2935.79,648.2939,-3.8369,-2.9064
1146,2019-10-10,145.1353,-10247.7989,2931.841,651.6647,-6.2907,-1.8028
1147,2019-10-11,178.089,-10217.7112,2932.689,661.0795,-17.2557,-0.719
1148,2019-10-14,199.4863,-9526.6282,2931.63,658.4765,-777.6832,-0.0152
1149,2019-10-15,212.3343,-10606.9825,2937.173,663.5844,33.4298,0.3622
1150,2019-10-16,213.8718,-10607.1825,2947.381,662.9301,29.8356,0.4054
1151,2019-10-17,245.7171,-10833.9844,2956.113,664.3506,9.7495,1.2209
1152,2019-10-18,211.1333,-10834.3763,2959.532,660.8371,36.9283,0.3178
1153,2019-10-21,299.6178,-11710.9864,2966.325,663.9793,5.0153,2.2607
1154,2019-10-22,436.7923,-11711.3433,2976.6179,663.0138,2.6892,3.7533
1155,2019-10-23,405.1346,-11166.0644,2985.13,661.9518,2.9499,3.2258
1156,2019-10-24,327.3323,-11522.998,2992.346,663.4102,4.1414,1.9742
1157,2019-10-25,413.8916,-12748.999,2997.574,664.7545,2.8701,2.8502
1158,2019-10-28,1098.1863,-14435.9863,3004.901,669.169,1.4453,5.059
1159,2019-10-29,869.0751,-11802.0852,3009.022,668.7525,1.5978,4.0245
1160,2019-10-30,818.6775,-10664.0137,3014.73,668.2812,1.6465,3.6976
1161,2019-10-31,503.5864,-7862.3141,3018.691,666.3407,2.3176,2.2655
1162,2019-11-01,701.1694,-9876.001,3026.762,671.7536,1.7981,3.397
1163,2019-11-04,610.7942,-9007.0069,3033.917,675.2556,1.9737,2.757
1164,2019-11-05,648.5369,-9007.1255,3041.78,673.8343,1.8918,2.8408
1165,2019-11-06,616.3208,-9007.0553,3049.006,672.2587,1.9608,2.6295
1166,2019-11-07,957.8902,-9697.9981,3056.495,674.8099,1.5278,3.3146
1167,2019-11-08,861.2598,-9509.0088,3063.548,673.7146,1.6049,2.8722
1168,2019-11-11,1048.2776,-9509.205,3068.307,672.2188,1.4715,3.0381
1169,2019-11-12,1013.7952,-8656.0459,3073.802,673.6284,1.4915,2.9063
1170,2019-11-13,980.5233,-8175.0,3078.529,672.1511,1.5125,2.7821
1171,2019-11-14,890.4005,-7207.9834,3084.436,671.9056,1.5794,2.4509
1172,2019-11-15,955.2673,-8157.0068,3089.791,676.4025,1.5296,2.6663
1173,2019-11-18,1099.5292,-8314.0136,3094.167,676.5387,1.4447,2.8035
1174,2019-11-19,906.5429,-8247.0563,3098.723,675.9048,1.5661,2.4094
1175,2019-11-20,808.8431,-8247.4317,3101.891,671.7034,1.657,2.3341
1176,2019-11-21,459.6964,-5312.6039,3103.727,670.0396,2.5403,1.1944
1177,2019-11-22,427.0121,-4541.3672,3105.448,670.337,2.762,1.0402
1178,2019-11-25,680.6159,-5701.9776,3110.111,674.4017,1.8323,1.9196
1179,2019-11-26,719.0541,-6173.9991,3114.979,675.82,1.7706,2.0716
1180,2019-11-27,757.4087,-6644.9951,3120.938,677.8237,1.7176,2.2187
1181,2019-11-29,457.4574,-6462.3884,3125.373,675.2957,2.5537,1.5486
1182,2019-12-02,292.2239,-6463.2481,3124.714,669.6016,5.3373,0.8701
1183,2019-12-03,203.4462,-5980.8957,3121.831,660.1722,117.0704,0.044
1184,2019-12-04,247.4404,-5844.2892,3121.089,665.3457,9.4316,0.605
1185,2019-12-05,252.7118,-5844.1411,3121.986,665.007,8.5884,0.6717
1186,2019-12-06,264.4956,-5843.238,3126.223,671.2192,7.202,0.8156
1187,2019-12-09,231.3491,-5843.5535,3128.79,669.5085,13.7596,0.4462
1188,2019-12-10,227.2831,-5843.6626,3128.678,667.138,15.6611,0.3955
1189,2019-12-11,284.252,-5843.3737,3128.789,667.6981,5.7477,1.0671
1190,2019-12-12,376.1858,-7337.0117,3130.283,671.8271,3.2703,2.0954
1191,2019-12-13,358.5211,-7360.0098,3133.065,672.8332,3.5233,1.8812
1192,2019-12-16,356.6248,-9625.0,3140.823,676.9099,3.5539,1.8448
1193,2019-12-17,340.8836,-9732.0069,3150.755,676.6422,3.8392,1.6558
1194,2019-12-18,299.7607,-9732.0501,3158.593,675.6049,5.0096,1.1894
1195,2019-12-19,405.8836,-11017.0166,3167.387,676.3692,2.9428,2.05
1196,2019-12-20,805.8087,-12602.002,3174.918,679.9751,1.6603,3.4475
1197,2019-12-23,1971.2917,-12881.0059,3183.723,679.8207,1.2258,4.229
1198,2019-12-24,1636.6081,-10925.0195,3192.809,678.5196,1.2784,3.5538
1199,2019-12-26,1790.634,-12047.998,3202.637,680.3261,1.2515,3.9289
1200,2019-12-27,1422.1976,-10550.0,3209.782,680.4493,1.3273,2.9915
1201,2019-12-30,905.7854,-10550.5781,3215.031,676.1039,1.5667,2.721
1202,2019-12-31,1147.5303,-10550.2852,3218.964,674.7872,1.4222,3.1368
1203,2020-01-02,1320.7223,-11422.0215,3225.497,679.6403,1.3569,3.6994
1204,2020-01-03,503.0621,-8728.709,3229.868,674.9507,2.3199,2.0918
1205,2020-01-06,554.2733,-8705.36,3233.959,674.2883,2.1291,2.4451
1206,2020-01-07,373.0874,-6471.655,3235.555,673.8044,3.311,1.4329
1207,2020-01-08,429.1054,-6471.1678,3238.459,675.9981,2.7459,1.896
1208,2020-01-09,524.756,-8156.0058,3243.591,679.2805,2.2317,2.6185
1209,2020-01-10,397.2699,-6733.2689,3246.135,677.861,3.0277,1.8712
1210,2020-01-13,420.062,-6490.9912,3250.946,679.4737,2.8177,2.0772
1211,2020-01-14,379.7837,-6484.1359,3257.132,679.1414,3.2249,1.8344
1212,2020-01-15,402.3028,-6600.0,3262.983,679.117,2.9772,2.0448
1213,2020-01-16,436.0351,-9352.002,3268.879,683.1271,2.6947,2.3735
1214,2020-01-17,475.016,-10633.0078,3278.356,685.1041,2.4545,2.7654
1215,2020-01-21,560.1158,-10633.273,3285.807,683.1151,2.1108,3.0888
1216,2020-01-22,529.2434,-9684.2452,3294.264,682.895,2.2149,2.8157
1217,2020-01-23,444.9871,-9277.1244,3301.513,679.8735,2.6327,2.0777
1218,2020-01-24,394.5124,-9278.0275,3303.59,675.4836,3.0564,1.874
1219,2020-01-27,195.3576,-9046.6011,3301.418,661.5722,-85.1614,-0.0816
1220,2020-01-28,274.3505,-9045.6217,3300.229,666.4297,6.3799,1.2066
1221,2020-01-29,237.7163,-8400.7119,3299.254,667.1781,11.6055,0.6256
1222,2020-01-30,216.6063,-8400.4037,3298.691,664.2275,25.0872,0.2736
1223,2020-01-31,149.164,-10213.1362,3289.562,656.627,-6.8684,-1.2198
1224,2020-02-03,149.9554,-10212.4334,3281.492,657.9687,-6.9929,-1.1925
1225,2020-02-04,219.0353,-10210.9717,3279.172,666.7617,22.0136,0.4398
1226,2020-02-05,259.8469,-10716.9921,3280.466,673.1541,7.6837,1.3802
1227,2020-02-06,238.1887,-11826.0009,3282.49,675.1535,11.4743,0.8734
1228,2020-02-07,197.75,-11826.541,3285.714,671.3402,-176.7764,-0.0574
1229,2020-02-10,238.8917,-12457.0068,3296.56,672.5177,11.285,0.9425
1230,2020-02-11,244.7316,-13022.998,3304.711,676.0907,9.9422,1.0838
1231,2020-02-12,266.9854,-15192.9931,3315.316,678.1969,6.9715,1.6211
1232,2020-02-13,315.0585,-15193.1561,3324.344,676.2234,4.4765,2.3811
1233,2020-02-14,522.9185,-15263.9892,3339.808,675.6132,2.2387,4.2092
1234,2020-02-18,399.1954,-15264.2812,3351.945,672.5709,3.0081,2.8707
1235,2020-02-19,446.2063,-15862.9882,3360.801,675.6179,2.6247,3.4444
1236,2020-02-20,371.41,-15863.3698,3364.655,670.4732,3.3336,2.7278
1237,2020-02-21,474.2338,-15864.4175,3363.852,663.8419,2.4586,3.4794
1238,2020-02-24,176.2222,-15830.7337,3353.67,639.2357,-15.8224,-0.7089
1239,2020-02-25,83.7433,-25601.6116,3331.282,623.5527,-2.4407,-5.1365
1240,2020-02-26,56.0073,-26783.9675,3307.1459,616.6909,-1.7779,-6.5463
1241,2020-02-27,33.4905,-40551.0203,3267.077,590.5549,-1.4023,-10.9696
1242,2020-02-28,33.0061,-43005.7489,3225.105,569.7758,-1.3953,-11.2236
1243,2020-03-02,82.9178,-43001.7322,3196.112,595.2388,-2.4164,-7.8118
1244,2020-03-03,67.3156,-43004.2974,3159.42,594.13,-2.0147,-10.5541
1245,2020-03-04,106.6477,-43000.5542,3133.817,606.5669,-3.2848,-7.3778
1246,2020-03-05,89.736,-43003.6899,3098.888,592.505,-2.6277,-10.3736
1247,2020-03-06,81.1818,-43005.2129,3062.35,574.3809,-2.3665,-12.0642
1248,2020-03-09,61.7543,-63777.8727,3014.417,537.1588,-1.8934,-18.5067
1249,2020-03-10,88.3094,-63773.8661,2989.819,548.2541,-2.5813,-14.8818
1250,2020-03-11,77.344,-63003.741,2952.318,532.0766,-2.2612,-18.7313
1251,2020-03-12,63.4675,-85536.69,2902.506,485.151,-1.9297,-25.6793
