Index,Date,Close,Strategy,TradingSingals
107,2015-08-25,1867.609985,1,1.0
108,2015-08-26,1940.5100100000002,0,0.39796838099639564
109,2015-08-27,1987.660034,0,0.00858846946990952
110,2015-08-28,1988.869995,0,-0.0014037737393518134
111,2015-08-31,1972.180054,0,0.1364270733873079
112,2015-09-01,1913.8499760000002,1,0.618135430756819
113,2015-09-02,1948.859985,0,0.32901162867855316
114,2015-09-03,1951.130005,0,0.3102650807072662
115,2015-09-04,1921.219971,0,0.5572716653205474
116,2015-09-08,1969.410034,0,0.1593027805667268
117,2015-09-09,1942.040039,0,0.3853329143282795
118,2015-09-10,1952.290039,0,0.3006851505615739
119,2015-09-11,1961.050049,0,0.2283421986519177
120,2015-09-14,1953.030029,0,0.29457407751672243
121,2015-09-15,1978.089966,0,0.08762113827920787
122,2015-09-16,1995.310059,0,-0.05458787287246948
123,2015-09-17,1990.199951,0,-0.012386973866972883
124,2015-09-18,1958.030029,0,0.2532824854354026
125,2015-09-21,1966.969971,0,0.17945359777647119
126,2015-09-22,1942.7399899999998,0,0.37955249609449854
127,2015-09-23,1938.7600100000002,0,0.4124204382248576
128,2015-09-24,1932.2399899999998,0,0.46626483946527014
129,2015-09-25,1931.339966,0,0.47369752423954803
130,2015-09-28,1881.77002,1,0.8830619221845587
131,2015-09-29,1884.089966,1,0.8639030694080202
132,2015-09-30,1920.030029,0,0.5670985852534332
133,2015-10-01,1923.819946,0,0.5358002438962208
134,2015-10-02,1951.359985,0,0.30836583263789324
135,2015-10-05,1987.050049,0,0.013625919829054717
136,2015-10-06,1979.9200440000002,0,0.07250777142860683
137,2015-10-07,1995.8299559999998,0,-0.05888134784212905
138,2015-10-08,2013.430054,0,-0.20422856128358052
139,2015-10-09,2014.890015,0,-0.21628538409690784
140,2015-10-12,2017.459961,0,-0.23750881647751235
141,2015-10-13,2003.689941,0,-0.12379160671918985
142,2015-10-14,1994.2399899999998,0,-0.045750902343095465
143,2015-10-15,2023.859985,0,-0.2903622525412439
144,2015-10-16,2033.109985,0,-0.3667516978916856
145,2015-10-19,2033.660034,0,-0.3712941776782327
146,2015-10-20,2030.77002,0,-0.34742752183877146
147,2015-10-21,2018.939941,0,-0.24973096256721525
148,2015-10-22,2052.51001,0,-0.5269632816251661
149,2015-10-23,2075.149902,-1,-0.7139307186709944
150,2015-10-26,2071.179932,-1,-0.6811454423079781
151,2015-10-27,2065.889893,-1,-0.6374586158115237
152,2015-10-28,2090.350098,-1,-0.8394587772286144
153,2015-10-29,2089.409912,-1,-0.8316944218701025
154,2015-10-30,2079.360107,-1,-0.7486999321587399
155,2015-11-02,2104.050049,-1,-0.9525973348738287
156,2015-11-03,2109.790039,-1,-1.0000000000000009
157,2015-11-04,2102.310059,-1,-0.9467067237481459
158,2015-11-05,2099.929932,-1,-0.9297488220257493
159,2015-11-06,2099.199951,-1,-0.9245478617168176
160,2015-11-09,2078.580078,-1,-0.7776356255788653
161,2015-11-10,2081.719971,-1,-0.800006699438724
162,2015-11-11,2075.0,-1,-0.7521283266479613
163,2015-11-12,2045.969971,0,-0.5452955068949209
164,2015-11-13,2023.040039,0,-0.3819245887223806
165,2015-11-16,2053.189941,0,-0.5967362668622078
166,2015-11-17,2050.439941,0,-0.5771430982049922
167,2015-11-18,2083.580078,-1,-0.8132595685919847
168,2015-11-19,2081.23999,-1,-0.7965869362804484
169,2015-11-20,2089.169922,-1,-0.8530860254136307
170,2015-11-23,2086.590088,-1,-0.8347052535337683
171,2015-11-24,2089.139893,-1,-0.8528720751366824
172,2015-11-25,2088.8701170000004,-1,-0.8509499781666235
173,2015-11-27,2090.110107,-1,-0.859784644785988
174,2015-11-30,2080.409912,-1,-0.7906728060067598
175,2015-12-01,2102.6298829999996,-1,-0.9489854021381893
176,2015-12-02,2079.51001,-1,-0.7842611944936806
177,2015-12-03,2049.6201170000004,0,-0.5713020255136368
178,2015-12-04,2091.689941,-1,-0.8710406280632266
179,2015-12-07,2077.070068,-1,-0.7668771235410176
180,2015-12-08,2063.590088,-1,-0.6708351156734195
181,2015-12-09,2047.619995,0,-0.5570515790841769
182,2015-12-10,2052.22998,0,-0.5898967476704443
183,2015-12-11,2012.369995,0,-0.30590278084168576
184,2015-12-14,2021.939941,0,-0.3740866230302121
185,2015-12-15,2043.410034,0,-0.5270564969338859
186,2015-12-16,2073.070068,-1,-0.7383779691305221
187,2015-12-17,2041.890015,0,-0.5162266828869138
188,2015-12-18,2005.550049,0,-0.257312107310375
189,2015-12-21,2021.1500239999998,0,-0.36845863139158963
190,2015-12-22,2038.969971,0,-0.49542198667655385
191,2015-12-23,2064.290039,-1,-0.675822118580615
192,2015-12-24,2060.98999,-1,-0.6523099670773151
193,2015-12-28,2056.5,-1,-0.6203197374994197
194,2015-12-29,2078.360107,-1,-0.7760683787051577
195,2015-12-30,2063.360107,-1,-0.6691965496657998
196,2015-12-31,2043.939941,0,-0.5308319722879371
197,2016-01-04,2012.660034,0,-0.30796924740320203
198,2016-01-05,2016.709961,0,-0.33682412113426086
199,2016-01-06,1990.2600100000002,0,-0.1483738117095008
200,2016-01-07,1943.089966,0,0.1877027801669651
201,2016-01-08,1922.030029,0,0.33775037927654245
202,2016-01-11,1923.6700440000002,0,0.326065619096409
203,2016-01-12,1938.680054,0,0.21912247092313983
204,2016-01-13,1890.280029,0,0.5639624174098501
205,2016-01-14,1921.839966,0,0.339104537972723
206,2016-01-15,1880.3299559999998,1,0.634854584115527
207,2016-01-19,1881.3299559999998,1,0.6277297955129031
208,2016-01-20,1859.3299559999998,1,0.7844751447706281
209,2016-01-21,1868.9899899999998,1,0.7156494446264692
210,2016-01-22,1906.9000239999998,0,0.445548466458186
211,2016-01-25,1877.0799559999998,1,0.6580101470740546
212,2016-01-26,1903.630005,0,0.4688466605597482
213,2016-01-27,1882.949951,1,0.6161876736005937
214,2016-01-28,1893.359985,0,0.5420183820044668
215,2016-01-29,1940.2399899999998,0,0.20800825668951967
216,2016-02-01,1939.380005,0,0.21413546801594427
217,2016-02-02,1903.030029,0,0.4731213627263958
218,2016-02-03,1912.530029,0,0.40543587100146916
219,2016-02-04,1915.449951,0,0.38463204401531814
220,2016-02-05,1880.050049,1,0.6368488623189207
221,2016-02-08,1853.439941,1,0.8264402565119098
222,2016-02-09,1852.209961,1,0.8352036039973655
223,2016-02-10,1851.859985,1,0.8376971090133571
224,2016-02-11,1829.0799559999998,1,1.0
225,2016-02-12,1864.780029,1,0.9315953065397784
226,2016-02-16,1895.5799559999998,1,0.8725797531253028
227,2016-02-17,1926.819946,1,0.8127209976642035
228,2016-02-18,1917.8299559999998,1,0.8299466630055733
229,2016-02-19,1917.780029,1,0.8300423278276137
230,2016-02-22,1945.5,1,0.7769282594339376
231,2016-02-23,1921.27002,1,0.8233551772289601
232,2016-02-24,1929.800049,1,0.8070108403713914
233,2016-02-25,1951.699951,1,0.7650485709071552
234,2016-02-26,1948.050049,1,0.7720421260035231
235,2016-02-29,1932.22998,1,0.8023548643126169
236,2016-03-01,1978.3499760000002,1,0.7139846195580297
237,2016-03-02,1986.449951,1,0.6984643065628585
238,2016-03-03,1993.4000239999998,1,0.6851473138191426
239,2016-03-04,1999.9899899999998,1,0.6725203199151447
240,2016-03-07,2001.7600100000002,1,0.6691287953230666
241,2016-03-08,1979.2600100000002,1,0.7122409089272874
242,2016-03-09,1989.2600100000002,1,0.6930799695476336
243,2016-03-10,1989.569946,1,0.6924861030568762
244,2016-03-11,2022.189941,1,0.6299831283809155
245,2016-03-14,2019.640015,1,0.634869026131776
246,2016-03-15,2015.930054,1,0.641977659913964
247,2016-03-16,2027.219971,1,0.6203451183901317
248,2016-03-17,2040.589966,0,0.5947269520200044
249,2016-03-18,2049.580078,0,0.5775010529151747
250,2016-03-21,2051.600098,0,0.573630504838606
251,2016-03-22,2049.800049,0,0.5770795678155466
252,2016-03-23,2036.709961,1,0.6021614060797796
253,2016-03-24,2035.939941,1,0.6036368367338916
254,2016-03-28,2037.050049,1,0.601509765524605
255,2016-03-29,2055.01001,0,0.5670967931264105
256,2016-03-30,2063.949951,0,0.5499670263705423
257,2016-03-31,2059.73999,0,0.558033707121713
258,2016-04-01,2072.780029,0,0.533047767442981
259,2016-04-04,2066.1298829999996,0,0.5457900718801664
260,2016-04-05,2045.1700440000002,0,0.5859510923287958
261,2016-04-06,2066.659912,0,0.5447744865263197
262,2016-04-07,2041.910034,0,0.5921975777275023
263,2016-04-08,2047.5999760000002,0,0.5812951143539278
264,2016-04-11,2041.9899899999998,0,0.5920443745205991
265,2016-04-12,2061.719971,0,0.5542398775303264
266,2016-04-13,2082.419922,0,0.5145768269030461
267,2016-04-14,2082.780029,0,0.5138868280633272
268,2016-04-15,2080.72998,0,0.5178149145247591
269,2016-04-18,2094.340088,0,0.49173666909090535
270,2016-04-19,2100.800049,0,0.4793587769793126
271,2016-04-20,2102.399902,0,0.4762933083443766
272,2016-04-21,2091.47998,0,0.4972169046916314
273,2016-04-22,2091.580078,0,0.4970251075206291
274,2016-04-25,2087.790039,0,0.5042871782731814
275,2016-04-26,2091.699951,0,0.4967954195920032
276,2016-04-27,2095.149902,0,0.4901849893946255
277,2016-04-28,2075.810059,0,0.527241945328128
278,2016-04-29,2065.300049,0,0.5473801117770833
279,2016-05-02,2081.429932,0,0.5164737407406925
280,2016-05-03,2063.3701170000004,0,0.5510780427829678
281,2016-05-04,2051.1201170000004,0,0.5745501935230436
282,2016-05-05,2050.6298829999996,0,0.5754895279186296
283,2016-05-06,2057.139893,0,0.5630157372215349
284,2016-05-09,2058.689941,0,0.5600456996451795
285,2016-05-10,2084.389893,0,0.5108021774119785
286,2016-05-11,2064.459961,0,0.5489897993012406
287,2016-05-12,2064.110107,0,0.5496601524298136
288,2016-05-13,2046.609985,0,0.583192030107668
289,2016-05-16,2066.659912,0,0.5447744865263197
290,2016-05-17,2047.209961,0,0.5820424197311432
291,2016-05-18,2047.630005,0,0.5812375759690646
292,2016-05-19,2040.040039,0,0.5957806638110279
293,2016-05-20,2052.320068,0,0.5722509746860889
294,2016-05-23,2048.040039,0,0.5804519123073049
295,2016-05-24,2076.060059,0,0.5267629218436366
296,2016-05-25,2090.540039,0,0.49901791994377664
297,2016-05-26,2090.100098,0,0.49986088822693925
298,2016-05-27,2099.060059,0,0.48269276127043304
299,2016-05-31,2096.949951,0,0.486735926417685
300,2016-06-01,2099.330078,0,0.4821753795013975
301,2016-06-02,2105.26001,0,0.4708130727436506
302,2016-06-03,2099.1298829999996,0,0.4825589719273091
303,2016-06-06,2109.409912,0,0.4628614706783
304,2016-06-07,2112.1298829999996,0,0.4576497507337593
305,2016-06-08,2119.1201170000004,0,0.4442558057413984
306,2016-06-09,2115.47998,0,0.45123065018046243
307,2016-06-10,2096.070068,0,0.4884218649001039
308,2016-06-13,2079.060059,0,0.5210146400297405
309,2016-06-14,2075.320068,0,0.5281808141128853
310,2016-06-15,2071.5,0,0.5355004232503009
311,2016-06-16,2077.98999,0,0.5230649927538449
312,2016-06-17,2071.219971,0,0.5360369851196554
313,2016-06-20,2083.25,0,0.5129863194792077
314,2016-06-21,2088.899902,0,0.502160576506909
315,2016-06-22,2085.449951,0,0.5087710067042868
316,2016-06-23,2113.320068,0,0.4553692444702013
317,2016-06-24,2037.410034,1,0.6008200004483465
318,2016-06-27,2000.540039,1,0.67146637436066
319,2016-06-28,2036.089966,1,0.6033493747408485
320,2016-06-29,2070.77002,0,0.5368991335031369
321,2016-06-30,2098.860107,0,0.483075888085517
322,2016-07-01,2102.949951,0,0.47523936278989276
323,2016-07-05,2088.550049,0,0.5028309277193884
324,2016-07-06,2099.72998,0,0.48140912970341704
325,2016-07-07,2097.899902,0,0.48491573106522073
326,2016-07-08,2129.899902,0,0.42360072505032886
327,2016-07-11,2137.159912,0,0.409689863899761
328,2016-07-12,2152.139893,0,0.38098681311482463
329,2016-07-13,2152.429932,0,0.3804310711451511
330,2016-07-14,2163.75,0,0.35874075747299533
331,2016-07-15,2161.73999,0,0.3625921254492451
332,2016-07-18,2166.889893,0,0.3527244275298354
333,2016-07-19,2163.780029,0,0.35868321908813217
334,2016-07-20,2173.02002,0,0.3409785283461777
335,2016-07-21,2165.169922,0,0.3560200535364116
336,2016-07-22,2175.030029,0,0.33712716228602174
337,2016-07-25,2168.47998,0,0.34967767146829776
338,2016-07-26,2169.179932,0,0.34833649768423114
339,2016-07-27,2166.580078,0,0.35331806217322625
340,2016-07-28,2170.060059,0,0.3466500916748917
341,2016-07-29,2173.600098,0,0.33986704440683074
342,2016-08-01,2170.840088,0,0.34515548283655445
343,2016-08-02,2157.030029,0,0.3716168531693984
344,2016-08-03,2163.790039,0,0.3586640389878132
345,2016-08-04,2164.25,0,0.35778271050401267
346,2016-08-05,2182.8701170000004,0,0.32210481719610595
347,2016-08-08,2180.889893,0,0.3258991123983202
348,2016-08-09,2181.73999,0,0.32427024668993765
349,2016-08-10,2175.48999,0,0.33624583380222123
350,2016-08-11,2185.790039,0,0.316509972352575
351,2016-08-12,2184.050049,0,0.31984395664369547
352,2016-08-15,2190.149902,0,0.3081560652879152
353,2016-08-16,2178.149902,0,0.3311491925434997
354,2016-08-17,2182.219971,0,0.32335055800549917
355,2016-08-18,2187.02002,0,0.31415321321466255
356,2016-08-19,2183.8701170000004,0,0.3201887232581406
357,2016-08-22,2182.639893,0,0.3225459480068808
358,2016-08-23,2186.899902,0,0.3143833705863027
359,2016-08-24,2175.439941,0,0.3363417323877223
360,2016-08-25,2172.469971,0,0.34203247390066155
361,2016-08-26,2169.040039,0,0.348604545813495
362,2016-08-29,2180.3798829999996,0,0.32687633946762273
363,2016-08-30,2176.1201170000004,0,0.3350384512773722
364,2016-08-31,2170.949951,0,0.3449449750082475
365,2016-09-01,2170.860107,0,0.34511712455201027
366,2016-09-02,2179.97998,0,0.327642591181696
367,2016-09-06,2186.47998,0,0.3151879805849211
368,2016-09-07,2186.159912,0,0.31580126093945776
369,2016-09-08,2181.300049,0,0.32511321497310025
370,2016-09-09,2127.810059,0,0.4276050605539286
371,2016-09-12,2159.040039,0,0.3677654851931487
372,2016-09-13,2127.02002,0,0.42911884949258483
373,2016-09-14,2125.77002,0,0.4315139669150415
374,2016-09-15,2147.26001,0,0.39033712734910503
375,2016-09-16,2139.159912,0,0.4058576760238302
376,2016-09-19,2139.1201170000004,0,0.40593392698209096
377,2016-09-20,2139.76001,0,0.4047078318838453
378,2016-09-21,2163.1201170000004,0,0.359947672470922
379,2016-09-22,2177.179932,0,0.33300774618050816
380,2016-09-23,2164.689941,0,0.35693974222085006
381,2016-09-26,2146.100098,0,0.39255962770087843
382,2016-09-27,2159.929932,0,0.36606036661041086
383,2016-09-28,2171.3701170000004,0,0.34413989748270774
384,2016-09-29,2151.1298829999996,0,0.3829220871531098
385,2016-09-30,2168.27002,0,0.35007997455151324
386,2016-10-03,2161.199951,0,0.3636268909034099
387,2016-10-04,2150.48999,0,0.3841481822513555
388,2016-10-05,2159.72998,0,0.36644349342549476
389,2016-10-06,2160.77002,0,0.3644506790862535
390,2016-10-07,2153.73999,0,0.37792087695296805
391,2016-10-10,2163.659912,0,0.3589133745436786
392,2016-10-11,2136.72998,0,0.4105136539986983
393,2016-10-12,2139.179932,0,0.4058193158231923
394,2016-10-13,2132.550049,0,0.41852279444891205
395,2016-10-14,2132.97998,0,0.41769900626606843
396,2016-10-17,2126.5,0,0.4301152566622054
397,2016-10-18,2139.600098,0,0.4050142382976534
398,2016-10-19,2144.290039,0,0.39602787077813795
399,2016-10-20,2141.340088,0,0.4016802540065329
400,2016-10-21,2141.159912,0,0.40202548814789946
401,2016-10-24,2151.330078,0,0.3825384947271982
402,2016-10-25,2143.159912,0,0.39819330027196875
403,2016-10-26,2139.429932,0,0.40534029233870095
404,2016-10-27,2133.040039,0,0.41758392758024837
405,2016-10-28,2126.409912,0,0.4302878737328887
406,2016-10-31,2126.149902,0,0.430786077317699
407,2016-11-01,2111.719971,0,0.45843518063205785
408,2016-11-02,2097.939941,0,0.4848390125800386
409,2016-11-03,2088.659912,0,0.5026204198910814
410,2016-11-04,2085.179932,0,0.5092883884733224
411,2016-11-07,2131.52002,0,0.42049642677174065
412,2016-11-08,2139.560059,0,0.4050909567828355
413,2016-11-09,2163.26001,0,0.35967962434165907
414,2016-11-10,2167.47998,0,0.35159376540626314
415,2016-11-11,2164.449951,0,0.35739958560502244
416,2016-11-14,2164.199951,0,0.3578786090895138
417,2016-11-15,2180.389893,0,0.32685715936730286
418,2016-11-16,2176.939941,0,0.33346759148077426
419,2016-11-17,2187.1201170000004,0,0.31396141795975313
420,2016-11-18,2181.899902,0,0.32396384027612957
421,2016-11-21,2198.179932,0,0.2927697734832354
422,2016-11-22,2202.939941,0,0.2836491490936746
423,2016-11-23,2204.719971,0,0.2802384444012783
424,2016-11-25,2213.350098,0,0.26370231037270725
425,2016-11-28,2201.719971,0,0.2859867262151744
426,2016-11-29,2204.659912,0,0.2803535230870984
427,2016-11-30,2198.810059,0,0.29156239095838726
428,2016-12-01,2191.080078,0,0.30637376069307465
429,2016-12-02,2191.949951,0,0.30470700231097475
430,2016-12-05,2204.709961,0,0.2802576245015973
431,2016-12-06,2212.22998,0,0.2658485616823128
432,2016-12-07,2241.350098,0,0.21005168010967684
433,2016-12-08,2246.189941,0,0.20077808627667232
434,2016-12-09,2259.530029,0,0.17521722452794786
435,2016-12-12,2256.959961,0,0.18014171624290662
436,2016-12-13,2271.719971,0,0.15186015055759844
437,2016-12-14,2253.280029,0,0.18719281164023144
438,2016-12-15,2262.030029,0,0.17042698968303444
439,2016-12-16,2258.070068,0,0.17801464694971375
440,2016-12-19,2262.530029,0,0.16946894271405175
441,2016-12-20,2270.76001,0,0.15369952601038164
442,2016-12-21,2265.179932,0,0.1643914796395555
443,2016-12-22,2260.959961,0,0.17247734049104516
444,2016-12-23,2263.790039,0,0.16705464519127605
445,2016-12-27,2268.8798829999996,0,0.15730202595768736
446,2016-12-28,2249.919922,0,0.1936310922938464
447,2016-12-29,2249.26001,0,0.19489554567663714
448,2016-12-30,2238.830078,0,0.2148802751552282
449,2017-01-03,2257.830078,0,0.17847449033388613
450,2017-01-04,2270.75,0,0.15371870611070063
451,2017-01-05,2269.0,0,0.15707187050214003
452,2017-01-06,2276.97998,0,0.14178147919905498
453,2017-01-09,2268.899902,0,0.15726366767314226
454,2017-01-10,2268.899902,0,0.15726366767314226
455,2017-01-11,2275.320068,0,0.1449620265198111
456,2017-01-12,2270.439941,0,0.15431280828101204
457,2017-01-13,2274.639893,0,0.14626530571406662
458,2017-01-17,2267.889893,0,0.1591989397953329
459,2017-01-18,2271.889893,0,0.1515345640434714
460,2017-01-19,2263.689941,0,0.1672464423622783
461,2017-01-20,2271.310059,0,0.15264558045589785
462,2017-01-23,2265.199951,0,0.1643531213550113
463,2017-01-24,2280.070068,0,0.1358605803144756
464,2017-01-25,2298.3701170000004,0,0.10079596736110558
465,2017-01-26,2296.679932,0,0.1040345205936463
466,2017-01-27,2294.689941,0,0.1078475302853518
467,2017-01-30,2280.899902,0,0.13427054041755782
468,2017-01-31,2278.8701170000004,0,0.1381597991514303
469,2017-02-01,2279.550049,0,0.1368569855680025
470,2017-02-02,2280.850098,0,0.13436596956004465
471,2017-02-03,2297.419922,0,0.10261663024049125
472,2017-02-06,2292.560059,0,0.11192858427413371
473,2017-02-07,2293.080078,0,0.1109321790206068
474,2017-02-08,2294.669922,0,0.10788588856989602
475,2017-02-09,2307.8701170000004,0,0.08259307495043455
476,2017-02-10,2316.100098,0,0.06682365824676532
477,2017-02-13,2328.25,0,0.043543304677691776
478,2017-02-14,2337.580078,0,0.02566599878114778
479,2017-02-15,2349.25,0,0.0033053319804189772
480,2017-02-16,2347.219971,0,0.007195058241212907
481,2017-02-17,2351.159912,0,-0.00035423882482848795
482,2017-02-21,2365.3798829999996,0,-0.02760103905597097
483,2017-02-22,2362.820068,0,-0.022696193052158878
484,2017-02-23,2363.810059,0,-0.024593108805898996
485,2017-02-24,2367.340088,0,-0.03135697597364098
486,2017-02-27,2369.75,0,-0.03597459374787113
487,2017-02-28,2363.639893,0,-0.024267054764851408
488,2017-03-01,2395.959961,0,-0.08619534113427997
489,2017-03-02,2381.919922,0,-0.05929330751758262
490,2017-03-03,2383.1201170000004,0,-0.06159299388145964
491,2017-03-06,2375.310059,0,-0.046628189092500764
492,2017-03-07,2368.389893,0,-0.03336850097018692
493,2017-03-08,2362.97998,0,-0.023002599465966944
494,2017-03-09,2364.8701170000004,0,-0.026624279513591614
495,2017-03-10,2372.600098,0,-0.04143564924827815
496,2017-03-13,2373.469971,0,-0.043102407630378085
497,2017-03-14,2365.449951,0,-0.027735295926017183
498,2017-03-15,2385.26001,0,-0.06569322988665335
499,2017-03-16,2381.3798829999996,0,-0.05825854206341691
500,2017-03-17,2378.25,0,-0.05226139222057679
501,2017-03-20,2373.469971,0,-0.043102407630378085
502,2017-03-21,2344.02002,0,0.01332646495409924
503,2017-03-22,2348.449951,0,0.004838301019394128
504,2017-03-23,2345.959961,0,0.00960935576398859
505,2017-03-24,2343.97998,0,0.013403185355375111
506,2017-03-27,2341.590088,0,0.017982442928967328
507,2017-03-28,2358.570068,0,-0.014552793815806049
508,2017-03-29,2361.1298829999996,0,-0.019457639819618143
509,2017-03-30,2368.060059,0,-0.032736508042251825
510,2017-03-31,2362.719971,0,-0.022504397797250348
511,2017-04-03,2358.840088,0,-0.015070177500935327
512,2017-04-04,2360.159912,0,-0.01759908426651683
513,2017-04-05,2352.949951,0,-0.0037841217014500427
514,2017-04-06,2357.48999,0,-0.012483262907476369
515,2017-04-07,2355.540039,0,-0.008746973617046749
516,2017-04-10,2357.159912,0,-0.011850802452620716
517,2017-04-11,2353.780029,0,-0.005374629125288381
518,2017-04-12,2344.929932,0,0.011582988086817148
519,2017-04-13,2328.949951,0,0.042202132809718865
520,2017-04-17,2349.01001,0,0.0037651753645913523
521,2017-04-18,2342.189941,0,0.016833068231996665
522,2017-04-19,2338.169922,0,0.024535802268402372
523,2017-04-20,2355.840088,0,-0.009321895687039214
524,2017-04-21,2348.689941,0,0.0043784576352217525
525,2017-04-24,2374.149902,0,-0.04440521929771306
526,2017-04-25,2388.610107,0,-0.07211233043994934
527,2017-04-26,2387.449951,0,-0.06988936256125536
528,2017-04-27,2388.77002,0,-0.07241873876985112
529,2017-04-28,2384.199951,0,-0.06366205726286789
530,2017-05-01,2388.330078,0,-0.0715757685705948
531,2017-05-02,2391.169922,0,-0.07701717644376231
532,2017-05-03,2388.1298829999996,0,-0.07119217614468316
533,2017-05-04,2389.52002,0,-0.07385580922332516
534,2017-05-05,2399.290039,0,-0.09257608340303174
535,2017-05-08,2399.3798829999996,0,-0.09274823294679359
536,2017-05-09,2396.919922,0,-0.08803471658706319
537,2017-05-10,2399.6298829999996,0,-0.09322725643128493
538,2017-05-11,2394.439941,0,-0.08328284002669398
539,2017-05-12,2390.899902,0,-0.07649979275863303
540,2017-05-15,2402.320068,0,-0.09838190360179104
541,2017-05-16,2400.669922,0,-0.09522006885443333
542,2017-05-17,2357.030029,0,-0.011601934423675837
543,2017-05-18,2365.719971,0,-0.028252679611146463
544,2017-05-19,2381.72998,0,-0.05892936080281765
545,2017-05-22,2394.02002,0,-0.08247823194416933
546,2017-05-23,2398.419922,0,-0.09090885749401124
547,2017-05-24,2404.389893,0,-0.10234788273694029
548,2017-05-25,2415.070068,0,-0.12281210131084952
549,2017-05-26,2415.820068,0,-0.12424917176432355
550,2017-05-30,2412.909912,0,-0.11867303949419017
551,2017-05-31,2411.800049,0,-0.11654643772791785
552,2017-06-01,2430.060059,0,-0.15153433219610485
553,2017-06-02,2439.070068,0,-0.16879835582201844
554,2017-06-05,2436.100098,0,-0.16310761430907922
555,2017-06-06,2429.330078,0,-0.15013562002717504
556,2017-06-07,2433.139893,0,-0.15743558345344472
557,2017-06-08,2433.790039,0,-0.15868132426283704
558,2017-06-09,2431.77002,0,-0.1548107781023621
559,2017-06-12,2429.389893,0,-0.15025023118607456
560,2017-06-13,2440.350098,0,-0.17125101354543204
561,2017-06-14,2437.919922,0,-0.16659456804364342
562,2017-06-15,2432.459961,0,-0.15613276987001604
563,2017-06-16,2433.149902,0,-0.15745476163766997
564,2017-06-19,2453.459961,0,-0.19637074256728881
565,2017-06-20,2437.030029,0,-0.16488944946090553
566,2017-06-21,2435.610107,0,-0.16216874552432178
567,2017-06-22,2434.5,0,-0.16004167623112892
568,2017-06-23,2438.300049,0,-0.16732292708400018
569,2017-06-26,2439.070068,0,-0.16879835582201844
570,2017-06-27,2419.3798829999996,0,-0.13107011170610103
571,2017-06-28,2440.689941,0,-0.1719021846575924
572,2017-06-29,2419.699951,0,-0.1316833920606386
573,2017-06-30,2423.409912,0,-0.13879202584282657
574,2017-07-03,2429.01001,0,-0.14952233967263834
575,2017-07-05,2432.540039,0,-0.15628620684038033
576,2017-07-06,2409.75,0,-0.11261835126648599
577,2017-07-07,2425.179932,0,-0.1421835504349039
578,2017-07-10,2427.429932,0,-0.14649476179532597
579,2017-07-11,2425.530029,0,-0.14285436917430377
580,2017-07-12,2443.25,0,-0.17680749818832592
581,2017-07-13,2447.830078,0,-0.1855833578795344
582,2017-07-14,2459.27002,0,-0.2075033613964098
583,2017-07-17,2459.139893,0,-0.20725402584054436
584,2017-07-18,2460.610107,0,-0.21007109397345608
585,2017-07-19,2473.830078,0,-0.23540180026663404
586,2017-07-20,2473.449951,0,-0.23467344122627729
587,2017-07-21,2472.540039,0,-0.23292996435899518
588,2017-07-24,2469.909912,0,-0.22789039395821634
589,2017-07-25,2477.1298829999996,0,-0.24172453662360122
590,2017-07-26,2477.830078,0,-0.24306617601849553
591,2017-07-27,2475.419922,0,-0.23844809071734482
592,2017-07-28,2472.100098,0,-0.23208699607583258
593,2017-07-31,2470.300049,0,-0.22863793309889208
594,2017-08-01,2476.350098,0,-0.24023039531218543
595,2017-08-02,2477.570068,0,-0.24256797243368522
596,2017-08-03,2472.159912,0,-0.2322016053186384
597,2017-08-04,2476.830078,0,-0.24115008208053018
598,2017-08-07,2480.909912,0,-0.2489674272758354
599,2017-08-08,2474.919922,0,-0.23749004374836216
600,2017-08-09,2474.02002,0,-0.23576574698139902
601,2017-08-10,2438.209961,0,-0.1671503100133169
602,2017-08-11,2441.320068,0,-0.17310956718244053
603,2017-08-14,2465.840088,0,-0.22009222886323004
604,2017-08-15,2464.610107,0,-0.21773546972531757
605,2017-08-16,2468.110107,0,-0.22444179850819637
606,2017-08-17,2430.01001,0,-0.15143843361060372
607,2017-08-18,2425.550049,0,-0.1428927293749417
608,2017-08-21,2428.3701170000004,0,-0.1482962445743927
609,2017-08-22,2452.51001,0,-0.19455054721482457
610,2017-08-23,2444.040039,0,-0.17832128712698211
611,2017-08-24,2438.969971,0,-0.1686065605671099
612,2017-08-25,2443.050049,0,-0.1764243732893357
613,2017-08-28,2444.23999,0,-0.17870441202597231
614,2017-08-29,2446.300049,0,-0.18265167858772316
615,2017-08-30,2457.590088,0,-0.20428445387501573
616,2017-08-31,2471.649902,0,-0.23122437824933675
617,2017-09-01,2476.550049,0,-0.24061352021117563
618,2017-09-05,2457.850098,0,-0.20478265745982605
619,2017-09-06,2465.540039,0,-0.21951730679323758
620,2017-09-07,2465.100098,0,-0.218674338510075
621,2017-09-08,2461.429932,0,-0.2116419556861486
622,2017-09-11,2488.110107,0,-0.26276367726750377
623,2017-09-12,2496.47998,0,-0.278801140184344
624,2017-09-13,2498.3701170000004,0,-0.2824228202319687
625,2017-09-14,2495.6201170000004,0,-0.2771535619025639
626,2017-09-15,2500.22998,0,-0.28598649245171415
627,2017-09-18,2503.8701170000004,0,-0.29296133689077825
628,2017-09-19,2506.649902,0,-0.29828766607812474
629,2017-09-20,2508.23999,0,-0.3013344240557561
630,2017-09-21,2500.600098,0,-0.2866956733078457
631,2017-09-22,2502.219971,0,-0.28979950214341965
632,2017-09-25,2496.659912,0,-0.27914590679879003
633,2017-09-26,2496.840088,0,-0.27949114094015653
634,2017-09-27,2507.040039,0,-0.2990352052188005
635,2017-09-28,2510.060059,0,-0.30482184723333455
636,2017-09-29,2519.360107,0,-0.3226416128289216
637,2017-10-02,2529.1201170000004,0,-0.3413427088244038
638,2017-10-03,2534.580078,0,-0.35180450699803034
639,2017-10-04,2537.73999,0,-0.35785919522573456
640,2017-10-05,2552.070068,0,-0.38531697081210536
641,2017-10-06,2549.330078,0,-0.38006689258301957
642,2017-10-09,2544.72998,0,-0.3712526726911732
643,2017-10-10,2550.639893,0,-0.38257662116437585
644,2017-10-11,2555.23999,0,-0.3913908391401285
645,2017-10-12,2550.929932,0,-0.38313236313404936
646,2017-10-13,2553.169922,0,-0.38742439439415244
647,2017-10-16,2557.639893,0,-0.39598927873013345
648,2017-10-17,2559.360107,0,-0.3992853703475365
649,2017-10-18,2561.26001,0,-0.4029257629685587
650,2017-10-19,2562.100098,0,-0.404535450492716
651,2017-10-20,2575.209961,0,-0.42965517951457277
652,2017-10-23,2564.97998,0,-0.41005357493497196
653,2017-10-24,2569.1298829999996,0,-0.41800517891641537
654,2017-10-25,2557.149902,0,-0.395050409945376
655,2017-10-26,2560.399902,0,-0.40127771524376343
656,2017-10-27,2581.070068,0,-0.44088369501310115
657,2017-10-30,2572.830078,0,-0.4250951001252058
658,2017-10-31,2575.26001,0,-0.4297510781000739
659,2017-11-01,2579.360107,0,-0.4376072491068439
660,2017-11-02,2579.850098,0,-0.43854611789160136
661,2017-11-03,2587.840088,0,-0.45385568929500536
662,2017-11-06,2591.1298829999996,0,-0.46015924555165355
663,2017-11-07,2590.639893,0,-0.4592203786829907
664,2017-11-08,2594.3798829999996,0,-0.466386550850041
665,2017-11-09,2584.6201170000004,0,-0.44768592238148197
666,2017-11-10,2582.300049,0,-0.44324045415101365
667,2017-11-13,2584.840088,0,-0.4481074074811092
668,2017-11-14,2578.8701170000004,0,-0.43666838223818105
669,2017-11-15,2564.6201170000004,0,-0.40936404362217454
670,2017-11-16,2585.639893,0,-0.4496399089931638
671,2017-11-17,2578.850098,0,-0.436630023953636
672,2017-11-20,2582.139893,0,-0.442933580210285
673,2017-11-21,2599.030029,0,-0.47529666741129567
674,2017-11-22,2597.080078,0,-0.47156037812086604
675,2017-11-24,2602.419922,0,-0.481792020838947
676,2017-11-27,2601.419922,0,-0.47987592690098163
677,2017-11-28,2627.040039,0,-0.528966477774645
678,2017-11-29,2626.070068,0,-0.5271079222215429
679,2017-11-30,2647.580078,0,-0.5683231219881173
680,2017-12-01,2642.219971,0,-0.5580526534585716
681,2017-12-04,2639.439941,0,-0.5527258548282099
682,2017-12-05,2629.570068,0,-0.5338142510044217
683,2017-12-06,2629.27002,0,-0.5332393308505229
684,2017-12-07,2636.97998,0,-0.5480123384684786
685,2017-12-08,2651.5,0,-0.5758340607696145
686,2017-12-11,2659.98999,0,-0.5921016791420012
687,2017-12-12,2664.110107,0,-0.5999962103494091
688,2017-12-13,2662.850098,0,-0.5975819147427271
689,2017-12-14,2652.01001,0,-0.5768112878389161
690,2017-12-15,2675.810059,-1,-0.6224144174510948
691,2017-12-18,2690.159912,-1,-0.6499100837950893
692,2017-12-19,2681.469971,-1,-0.6332593405237125
693,2017-12-20,2679.25,-1,-0.6290056675481536
694,2017-12-21,2684.570068,-1,-0.6391994175925171
695,2017-12-22,2683.340088,-1,-0.6368426603706983
696,2017-12-26,2680.5,-1,-0.6314007849706103
697,2017-12-27,2682.6201170000004,-1,-0.6354631283020883
698,2017-12-28,2687.540039,-1,-0.6448901610215501
699,2017-12-29,2673.610107,-1,-0.6181991027600802
700,2018-01-02,2695.810059,-1,-0.6607362962104023
701,2018-01-03,2713.060059,-1,-0.693788916640305
702,2018-01-04,2723.98999,-1,-0.7147316911717849
703,2018-01-05,2743.149902,-1,-0.751443882406935
704,2018-01-08,2747.709961,-1,-0.7601813838135993
705,2018-01-09,2751.290039,-1,-0.7670411495668424
706,2018-01-10,2748.22998,-1,-0.7611777890671262
707,2018-01-11,2767.560059,-1,-0.7982160362594176
708,2018-01-12,2786.23999,-1,-0.8340085388101293
709,2018-01-16,2776.419922,-1,-0.8151923660449216
710,2018-01-17,2802.560059,-1,-0.8652793240882056
711,2018-01-18,2798.030029,-1,-0.8565993610664046
712,2018-01-19,2810.300049,-1,-0.8801098720071183
713,2018-01-22,2832.969971,-1,-0.9235475721254662
714,2018-01-23,2839.1298829999996,-1,-0.9353505421670656
715,2018-01-24,2837.540039,-1,-0.9323042517163557
716,2018-01-25,2839.25,-1,-0.935580697622613
717,2018-01-26,2872.8701170000004,-1,-1.0
718,2018-01-29,2853.530029,-1,-0.8674746959449751
719,2018-01-30,2822.429932,-1,-0.654365540957382
720,2018-01-31,2823.810059,-1,-0.6638226721922312
721,2018-02-01,2821.97998,-1,-0.6512823065062172
722,2018-02-02,2762.1298829999996,0,-0.241167714336438
723,2018-02-05,2648.939941,0,0.5344508598665482
724,2018-02-06,2695.139893,0,0.21787201668199643
725,2018-02-07,2681.659912,0,0.3102417401641708
726,2018-02-08,2581.0,1,1.0
727,2018-02-09,2619.550049,1,0.6249449214561729
728,2018-02-12,2656.0,0,0.2703217863409959
729,2018-02-13,2662.939941,0,0.20280280298394324
730,2018-02-14,2698.6298829999996,0,-0.14442617200476496
731,2018-02-15,2731.199951,0,-0.46130175916466654
732,2018-02-16,2732.219971,0,-0.4712255774512853
733,2018-02-20,2716.26001,0,-0.3159504330173201
734,2018-02-21,2701.330078,0,-0.170696484859848
735,2018-02-22,2703.959961,0,-0.1962827292541444
736,2018-02-23,2747.300049,-1,-0.6179403024763308
737,2018-02-26,2779.600098,-1,-0.932188863215241
738,2018-02-27,2744.280029,0,-0.5885583984921386
739,2018-02-28,2713.830078,0,-0.292309520469682
740,2018-03-01,2677.669922,0,0.05949418667312942
741,2018-03-02,2691.25,0,-0.07262697407873606
742,2018-03-05,2720.939941,0,-0.3614816822456866
743,2018-03-06,2728.1201170000004,0,-0.4313379222115196
744,2018-03-07,2726.800049,0,-0.41849492407620303
745,2018-03-08,2738.969971,0,-0.5368966166805956
746,2018-03-09,2786.570068,-1,-1.0
747,2018-03-12,2783.02002,-1,-0.965312963100795
748,2018-03-13,2765.310059,-1,-0.7922713392437449
749,2018-03-14,2749.47998,-1,-0.6375977871142199
750,2018-03-15,2747.330078,-1,-0.6165913866363455
751,2018-03-16,2752.01001,-1,-0.6623183666573953
752,2018-03-19,2712.919922,0,-0.28037442537853186
753,2018-03-20,2716.939941,0,-0.31965348509504965
754,2018-03-21,2711.929932,0,-0.27070136753259716
755,2018-03-22,2643.689941,0,0.3960623173016296
756,2018-03-23,2588.26001,1,0.9376606455263076
757,2018-03-26,2658.550049,0,0.2508662200876882
758,2018-03-27,2612.6201170000004,1,0.6996413482160786
759,2018-03-28,2605.0,1,0.7740964765848412
760,2018-03-29,2640.8701170000004,0,0.4236144346637757
761,2018-04-02,2581.8798829999996,1,1.0
762,2018-04-03,2614.449951,1,0.8132825575312865
763,2018-04-04,2644.689941,1,0.6399229688107657
764,2018-04-05,2662.840088,0,0.5358719417060291
765,2018-04-06,2604.469971,1,0.870495712305446
766,2018-04-09,2613.159912,1,0.8206780834713887
767,2018-04-10,2656.8701170000004,0,0.5700965468475439
768,2018-04-11,2642.189941,1,0.6542549501309084
769,2018-04-12,2663.98999,0,0.5292797921124306
770,2018-04-13,2656.300049,0,0.5733646284184308
771,2018-04-16,2677.840088,0,0.449880053785173
772,2018-04-17,2706.389893,0,0.28620994500368585
773,2018-04-18,2708.639893,0,0.2733111618155574
774,2018-04-19,2693.1298829999996,0,0.36222683125365035
775,2018-04-20,2670.139893,0,0.4940236741457548
776,2018-04-23,2670.290039,0,0.49316291827883746
777,2018-04-24,2634.560059,1,0.6979954806504666
778,2018-04-25,2639.399902,1,0.6702496648630961
779,2018-04-26,2666.939941,0,0.5123683350614958
780,2018-04-27,2669.909912,0,0.49534210750414964
781,2018-04-30,2648.050049,1,0.6206601667749018
782,2018-05-01,2654.800049,0,0.5819638172105165
783,2018-05-02,2635.669922,1,0.6916328663368988
784,2018-05-03,2629.72998,1,0.725685321451591
785,2018-05-04,2663.419922,0,0.532547873683315
786,2018-05-07,2672.6298829999996,0,0.4797490780788204
787,2018-05-08,2671.919922,0,0.48381913719482983
788,2018-05-09,2697.790039,0,0.3355111237572679
789,2018-05-10,2723.070068,0,0.1905859623970016
790,2018-05-11,2727.719971,0,0.16392903322241145
791,2018-05-14,2730.1298829999996,0,0.15011350771553852
792,2018-05-15,2711.449951,0,0.25720168230975027
793,2018-05-16,2722.459961,0,0.19408357924791675
794,2018-05-17,2720.1298829999996,0,0.2074414329961093
795,2018-05-18,2712.969971,0,0.24848772301125333
796,2018-05-21,2733.01001,0,0.13360233717008105
797,2018-05-22,2724.439941,0,0.18273276469821392
798,2018-05-23,2733.290039,0,0.13199698901124168
799,2018-05-24,2727.76001,0,0.1636994979423807
800,2018-05-25,2721.330078,0,0.20056096406789584
801,2018-05-29,2689.860107,0,0.3809717786748686
802,2018-05-30,2724.01001,0,0.18519746992259473
803,2018-05-31,2705.27002,0,0.29262994457045927
804,2018-06-01,2734.6201170000004,0,0.12437192779110622
805,2018-06-04,2746.8701170000004,0,0.05414521932240704
806,2018-06-05,2748.800049,0,0.04308131957315135
807,2018-06-06,2772.350098,0,-0.09192622536942634
808,2018-06-07,2770.3701170000004,0,-0.08057540508693424
809,2018-06-08,2779.030029,0,-0.13022088389416386
810,2018-06-11,2782.0,0,-0.14724711145151
811,2018-06-12,2786.850098,0,-0.17505171702625394
812,2018-06-13,2775.6298829999996,0,-0.11072855231105841
813,2018-06-14,2782.48999,0,-0.15005612246233288
814,2018-06-15,2779.659912,0,-0.1338318724501144
815,2018-06-18,2773.75,0,-0.09995157309503913
816,2018-06-19,2762.590088,0,-0.035974112967664194
817,2018-06-20,2767.320068,0,-0.063090106969524
818,2018-06-21,2749.76001,0,0.03757806232512503
819,2018-06-22,2754.8798829999996,0,0.008226892646125916
820,2018-06-25,2717.070068,0,0.22498271756534405
821,2018-06-26,2723.060059,0,0.1906433419174154
822,2018-06-27,2699.6298829999996,0,0.3249636798212793
823,2018-06-28,2716.310059,0,0.22933969148180067
824,2018-06-29,2718.3701170000004,0,0.2175298063720337
825,2018-07-02,2726.709961,0,0.16971921100367418
826,2018-07-03,2713.219971,0,0.24705452487923904
827,2018-07-05,2736.610107,0,0.11296372798820033
828,2018-07-06,2759.820068,0,-0.020094163009095924
829,2018-07-09,2784.169922,0,-0.1596868240795769
830,2018-07-10,2793.840088,0,-0.2151238794694478
831,2018-07-11,2774.02002,0,-0.1014995417334647
832,2018-07-12,2798.290039,0,-0.24063452531246823
833,2018-07-13,2801.310059,0,-0.25794767340305075
834,2018-07-16,2798.429932,0,-0.24143650285759588
835,2018-07-17,2809.550049,0,-0.305185826506316
836,2018-07-18,2815.6201170000004,0,-0.3399842669815169
837,2018-07-19,2804.48999,0,-0.27617755807958855
838,2018-07-20,2801.830078,0,-0.26092883444069875
839,2018-07-23,2806.97998,0,-0.2904521541465256
840,2018-07-24,2820.399902,0,-0.3673857827152346
841,2018-07-25,2846.070068,0,-0.5145475185540187
842,2018-07-26,2837.439941,0,-0.46507279097223564
843,2018-07-27,2818.820068,0,-0.3583289221644634
844,2018-07-30,2802.600098,0,-0.26534319934315287
845,2018-07-31,2816.290039,0,-0.3438247908174956
846,2018-08-01,2813.360107,0,-0.3270280985401802
847,2018-08-02,2827.219971,0,-0.4064838233192676
848,2018-08-03,2840.350098,0,-0.4817561172773075
849,2018-08-06,2850.399902,0,-0.5393695585569469
850,2018-08-07,2858.449951,0,-0.5855188193146399
851,2018-08-08,2857.699951,0,-0.5812192249185971
852,2018-08-09,2853.580078,0,-0.5576008477676524
853,2018-08-10,2833.280029,0,-0.44122487854126025
854,2018-08-13,2821.929932,0,-0.3761571272669372
855,2018-08-14,2839.959961,0,-0.4795195427987896
856,2018-08-15,2818.3701170000004,0,-0.35574944643367384
857,2018-08-16,2840.689941,0,-0.48370436668842115
858,2018-08-17,2850.1298829999996,0,-0.5378215956513105
859,2018-08-20,2857.050049,0,-0.5774934715890271
860,2018-08-21,2862.959961,-1,-0.6113737709441024
861,2018-08-22,2861.820068,-1,-0.6048390008709177
862,2018-08-23,2856.97998,0,-0.5770917805493794
863,2018-08-24,2874.689941,-1,-0.6786193126423617
864,2018-08-27,2896.73999,-1,-0.8050276687928538
865,2018-08-28,2897.52002,-1,-0.8094994189485135
866,2018-08-29,2914.040039,-1,-0.9042052604350748
867,2018-08-30,2901.1298829999996,-1,-0.8301940145822214
868,2018-08-31,2901.52002,-1,-0.8324305890607419
869,2018-09-04,2896.719971,-1,-0.8049129040192343
870,2018-09-05,2888.600098,-1,-0.7583633567560614
871,2018-09-06,2878.050049,-1,-0.6978821146782257
872,2018-09-07,2871.679932,-1,-0.6613635555377767
873,2018-09-10,2877.1298829999996,-1,-0.6926069939088516
874,2018-09-11,2887.889893,-1,-0.7542918988386734
875,2018-09-12,2888.919922,-1,-0.7601968413935556
876,2018-09-13,2904.179932,-1,-0.8476793126996316
877,2018-09-14,2904.97998,-1,-0.852265821896119
878,2018-09-17,2888.800049,-1,-0.7595096343548392
879,2018-09-18,2904.310059,-1,-0.8484253037929296
880,2018-09-19,2907.949951,-1,-0.8692920494534652
881,2018-09-20,2930.75,-1,-1.0
882,2018-09-21,2929.669922,-1,-0.9925383212435236
883,2018-09-24,2919.3701170000004,-1,-0.9213825008635605
884,2018-09-25,2915.560059,-1,-0.8950608566493949
885,2018-09-26,2905.969971,-1,-0.8288080898100172
886,2018-09-27,2914.0,-1,-0.8842832469775475
887,2018-09-28,2913.97998,-1,-0.8841449395509504
888,2018-10-01,2924.590088,-1,-0.9574444766839373
889,2018-10-02,2923.429932,-1,-0.9494295820379967
890,2018-10-03,2925.51001,-1,-0.963799723661485
891,2018-10-04,2901.610107,-1,-0.7986881312607943
892,2018-10-05,2885.570068,-1,-0.6878761174438687
893,2018-10-08,2884.429932,-1,-0.6799995302245251
894,2018-10-09,2880.340088,-1,-0.6517449948186523
895,2018-10-10,2785.679932,0,0.0022111778929187705
896,2018-10-11,2728.3701170000004,0,0.3981339067357486
897,2018-10-12,2767.1298829999996,0,0.13036350259067628
898,2018-10-15,2750.790039,0,0.243246708117444
899,2018-10-16,2809.919922,0,-0.16524989291882586
900,2018-10-17,2809.209961,0,-0.16034515371329894
901,2018-10-18,2768.780029,0,0.11896353022452495
902,2018-10-19,2767.780029,0,0.12587199309153704
903,2018-10-22,2755.8798829999996,0,0.2080837098445623
904,2018-10-23,2740.689941,0,0.31302286010362634
905,2018-10-24,2656.100098,1,0.8974086493955102
906,2018-10-25,2705.570068,0,0.5556471986183075
907,2018-10-26,2658.689941,1,0.8795168151986177
908,2018-10-29,2641.25,1,1.0
909,2018-10-30,2682.6298829999996,0,0.5206220036292585
910,2018-10-31,2711.73999,0,0.18338700545881337
911,2018-11-01,2740.3701170000004,0,-0.1482875166054508
912,2018-11-02,2723.060059,0,0.052246180435249735
913,2018-11-05,2738.310059,0,-0.12442214036821599
914,2018-11-06,2755.449951,0,-0.32298449698413606
915,2018-11-07,2813.889893,-1,-1.0
916,2018-11-08,2806.830078,-1,-0.9221328907189088
917,2018-11-09,2781.01001,-1,-0.637347233219217
918,2018-11-12,2726.219971,0,-0.03303367056520898
919,2018-11-13,2722.179932,0,0.011526443023159234
920,2018-11-14,2701.580078,0,0.2387350997078616
921,2018-11-15,2730.199951,0,-0.07693135592899822
922,2018-11-16,2736.27002,0,-0.14388193836872926
923,2018-11-19,2690.72998,0,0.3584076076526919
924,2018-11-20,2641.889893,1,0.8970954332865037
925,2018-11-21,2649.929932,1,0.808416821249612
926,2018-11-23,2632.560059,1,1.0
927,2018-11-26,2673.449951,0,0.48178344880907376
928,2018-11-27,2682.169922,0,0.3712712151718494
929,2018-11-28,2743.790039,0,-0.40966908459028295
930,2018-11-29,2737.800049,0,-0.3337551653393311
931,2018-11-30,2760.169922,-1,-0.6172589328875318
932,2018-12-03,2790.3701170000004,-1,-1.0
933,2018-12-04,2700.060059,0,-0.5888175650794853
934,2018-12-06,2695.949951,0,-0.5701042096387633
935,2018-12-07,2633.080078,0,-0.2838571621251472
936,2018-12-10,2637.719971,0,-0.30498263301689055
937,2018-12-11,2636.780029,0,-0.30070306938020186
938,2018-12-12,2651.070068,0,-0.3657657341736303
939,2018-12-13,2650.540039,0,-0.363352507788608
940,2018-12-14,2599.949951,0,-0.13301542211557071
941,2018-12-17,2545.939941,0,0.11289259647834068
942,2018-12-18,2546.159912,0,0.11189106671083798
943,2018-12-19,2506.959961,0,0.2903687651854066
944,2018-12-20,2467.419922,0,0.47039488711384136
945,2018-12-21,2416.6201170000004,1,0.7016868160082629
946,2018-12-24,2351.100098,1,1.0
947,2018-12-26,2467.699951,1,0.6078897754574264
948,2018-12-27,2488.830078,0,0.5368318913399992
949,2018-12-28,2485.73999,0,0.5472234576101237
950,2018-12-31,2506.850098,0,0.47623289480042696
951,2019-01-02,2510.030029,0,0.4655391981416504
952,2019-01-03,2447.889893,1,0.6745084382663873
953,2019-01-04,2531.939941,0,0.3918589979270923
954,2019-01-07,2549.689941,0,0.3321680437229676
955,2019-01-08,2574.409912,0,0.24903797854616255
956,2019-01-09,2584.959961,0,0.21355952830896432
957,2019-01-10,2596.639893,0,0.17428142768252539
958,2019-01-11,2596.26001,0,0.17555892507722565
959,2019-01-14,2582.610107,0,0.2214617833794084
960,2019-01-15,2610.300049,0,0.1283440898674722
961,2019-01-16,2616.100098,0,0.1088392752623637
962,2019-01-17,2635.959961,0,0.04205312468021168
963,2019-01-18,2670.709961,0,-0.07480663073349722
964,2019-01-22,2632.899902,0,0.05234370730730545
965,2019-01-23,2638.699951,0,0.03283889270219694
966,2019-01-24,2642.330078,0,0.020631245124047605
967,2019-01-25,2664.76001,0,-0.054797715090804874
968,2019-01-28,2643.850098,0,0.015519614464365943
969,2019-01-29,2640.0,0,0.02846699606433132
970,2019-01-30,2681.050049,0,-0.10957900928417974
971,2019-01-31,2704.100098,0,-0.18709334276371928
972,2019-02-01,2706.530029,0,-0.19526488642795536
973,2019-02-04,2724.8701170000004,0,-0.25694023025373786
974,2019-02-05,2737.699951,0,-0.30008530257714644
975,2019-02-06,2731.610107,0,-0.2796059448693003
976,2019-02-07,2706.050049,0,-0.19365077576886242
977,2019-02-08,2707.8798829999996,0,-0.1998042708390106
978,2019-02-11,2709.800049,0,-0.2062615407415648
979,2019-02-12,2744.72998,0,-0.32372638083588834
980,2019-02-13,2753.030029,0,-0.35163837208946513
981,2019-02-14,2745.72998,0,-0.3270892514952757
982,2019-02-15,2775.600098,0,-0.42753859490991175
983,2019-02-19,2779.76001,0,-0.44152784092034514
984,2019-02-20,2784.699951,0,-0.4581402235683498
985,2019-02-21,2774.8798829999996,0,-0.42511660501796017
986,2019-02-22,2792.669922,0,-0.48494220520041753
987,2019-02-25,2796.110107,0,-0.4965111023997816
988,2019-02-26,2793.899902,0,-0.48907846885405093
989,2019-02-27,2792.3798829999996,0,-0.483966841557238
990,2019-02-28,2784.48999,0,-0.4574341518818342
991,2019-03-01,2803.689941,0,-0.5220011037614083
992,2019-03-04,2792.810059,0,-0.48541346780601163
993,2019-03-05,2789.649902,0,-0.4747862685516549
994,2019-03-06,2771.449951,0,-0.413582187331468
995,2019-03-07,2748.929932,0,-0.33785027618752317
996,2019-03-08,2743.070068,0,-0.3181443114739232
997,2019-03-11,2783.300049,0,-0.45343253420653185
998,2019-03-12,2791.52002,0,-0.48107523350344633
999,2019-03-13,2810.919922,0,-0.5463145947342358
1000,2019-03-14,2808.47998,0,-0.5381093853718292
1001,2019-03-15,2822.47998,0,-0.5851895746032515
1002,2019-03-18,2832.939941,-1,-0.620365070548487
1003,2019-03-19,2832.570068,-1,-0.6191212354890872
1004,2019-03-20,2824.22998,0,-0.5910745982571792
1005,2019-03-21,2854.8798829999996,-1,-0.6941462577689447
1006,2019-03-22,2800.709961,0,-0.5119798164538472
1007,2019-03-25,2798.360107,0,-0.504077561383403
1008,2019-03-26,2818.459961,0,-0.5716707706579718
1009,2019-03-27,2805.3701170000004,0,-0.527651318334416
1010,2019-03-28,2815.439941,0,-0.5615148340092092
1011,2019-03-29,2834.399902,-1,-0.6252747305592369
1012,2019-04-01,2867.189941,-1,-0.7355433906325023
1013,2019-04-02,2867.23999,-1,-0.7357116989461338
1014,2019-04-03,2873.399902,-1,-0.7564266862753418
1015,2019-04-04,2879.389893,-1,-0.7765702512592356
1016,2019-04-05,2892.73999,-1,-0.8214649007605102
1017,2019-04-08,2895.77002,-1,-0.8316544997445731
1018,2019-04-09,2878.199951,-1,-0.772568630221063
1019,2019-04-10,2888.209961,-1,-0.8062309991502364
1020,2019-04-11,2888.320068,-1,-0.8066012747499295
1021,2019-04-12,2907.409912,-1,-0.8707979510298106
1022,2019-04-15,2905.580078,-1,-0.8646444559596609
1023,2019-04-16,2907.060059,-1,-0.8696214406410114
1024,2019-04-17,2900.449951,-1,-0.8473925023924306
1025,2019-04-18,2905.030029,-1,-0.8627947123163358
1026,2019-04-22,2907.969971,-1,-0.8726813570084361
1027,2019-04-23,2933.679932,-1,-0.9591406305093281
1028,2019-04-24,2927.25,-1,-0.9375176008446725
1029,2019-04-25,2926.169922,-1,-0.933885438228623
1030,2019-04-26,2939.8798829999996,-1,-0.9799902638168658
1031,2019-04-29,2943.030029,-1,-0.9905837973730535
1032,2019-04-30,2945.830078,-1,-1.0
1033,2019-05-01,2923.72998,-1,-0.780513615427406
1034,2019-05-02,2917.52002,-1,-0.7188396052605525
1035,2019-05-03,2945.639893,-1,-0.9981111840295946
1036,2019-05-06,2932.469971,-1,-0.8673145439023388
1037,2019-05-07,2884.050049,0,-0.3864337070360469
1038,2019-05-08,2879.419922,0,-0.3404497555014458
1039,2019-05-09,2870.719971,0,-0.2540464829481411
1040,2019-05-10,2881.399902,0,-0.36011386068894596
1041,2019-05-13,2811.8701170000004,0,0.3304188749468773
1042,2019-05-14,2834.409912,0,0.10656565431602827
1043,2019-05-15,2850.959961,0,-0.05780060412813244
1044,2019-05-16,2876.320068,0,-0.3096636591156783
1045,2019-05-17,2859.530029,0,-0.1429139480083853
1046,2019-05-20,2840.22998,0,0.04876384351470729
1047,2019-05-21,2864.360107,0,-0.19088370621595618
1048,2019-05-22,2856.27002,0,-0.11053727759343333
1049,2019-05-23,2822.23999,0,0.22743082786912716
1050,2019-05-24,2826.060059,0,0.18949194028465485
1051,2019-05-28,2802.389893,0,0.42457140271840227
1052,2019-05-29,2783.02002,1,0.6169426489635703
1053,2019-05-30,2788.860107,0,0.5589420201329008
1054,2019-05-31,2752.060059,1,0.9244204667722763
1055,2019-06-03,2744.449951,1,1.0
1056,2019-06-04,2803.27002,0,0.5819620028212493
1057,2019-06-05,2826.149902,0,0.41935321623573474
1058,2019-06-06,2843.48999,0,0.29611610037272423
1059,2019-06-07,2873.340088,0,0.08396954230749293
1060,2019-06-10,2886.72998,0,-0.01119327761575212
1061,2019-06-11,2885.719971,0,-0.0040150789724872175
1062,2019-06-12,2879.840088,0,0.03777362605207533
1063,2019-06-13,2891.639893,0,-0.04608834373411895
1064,2019-06-14,2886.97998,0,-0.012970043625575873
1065,2019-06-17,2889.669922,0,-0.032087633681565
1066,2019-06-18,2917.75,0,-0.23165454625596382
1067,2019-06-19,2926.459961,0,-0.293556796862726
1068,2019-06-20,2954.179932,0,-0.49056440592712663
1069,2019-06-21,2950.459961,0,-0.4641263338058064
1070,2019-06-24,2945.350098,0,-0.4278102102327813
1071,2019-06-25,2917.3798829999996,0,-0.2290241010349293
1072,2019-06-26,2913.780029,0,-0.20343970812481985
1073,2019-06-27,2924.919922,0,-0.2826116410667143
1074,2019-06-28,2941.76001,0,-0.4022952249100773
1075,2019-07-01,2964.330078,0,-0.5627021435573204
1076,2019-07-02,2973.01001,-1,-0.6243909761380465
1077,2019-07-03,2995.820068,-1,-0.7865035190840803
1078,2019-07-05,2990.409912,-1,-0.7480531939295048
1079,2019-07-08,2975.949951,-1,-0.6452853250967963
1080,2019-07-09,2979.6298829999996,-1,-0.671438837481044
1081,2019-07-10,2993.070068,-1,-0.766959092976019
1082,2019-07-11,2999.909912,-1,-0.8155703023028075
1083,2019-07-12,3013.77002,-1,-0.9140749774503516
1084,2019-07-15,3014.300049,-1,-0.9178419274960351
1085,2019-07-16,3004.040039,-1,-0.8449233793822282
1086,2019-07-17,2984.419922,-1,-0.7054819514047678
1087,2019-07-18,2995.110107,-1,-0.7814577807916783
1088,2019-07-19,2976.610107,-1,-0.6499770960647204
1089,2019-07-22,2985.030029,-1,-0.7098180209245897
1090,2019-07-23,3005.469971,-1,-0.8550859976780654
1091,2019-07-24,3019.560059,-1,-0.955225155413367
1092,2019-07-25,3003.669922,-1,-0.8422929341611969
1093,2019-07-26,3025.860107,-1,-1.0
1094,2019-07-29,3020.969971,-1,-0.9472078617895351
1095,2019-07-30,3013.179932,-1,-0.863109420447022
1096,2019-07-31,2980.3798829999996,0,-0.5090119638286281
1097,2019-08-01,2953.560059,0,-0.21947485169343775
1098,2019-08-02,2932.050049,0,0.012739430450961329
1099,2019-08-05,2844.73999,1,0.9553072244533882
1100,2019-08-06,2881.77002,0,0.5555444240532232
1101,2019-08-07,2883.97998,0,0.531686495815725
1102,2019-08-08,2938.090088,0,-0.05246664432581336
1103,2019-08-09,2918.649902,0,0.1574025671131195
1104,2019-08-12,2882.699951,0,0.5455052255773112
1105,2019-08-13,2926.320068,0,0.07459823128908447
1106,2019-08-14,2840.600098,1,1.0
1107,2019-08-15,2847.600098,1,0.9743378149944308
1108,2019-08-16,2888.679932,1,0.8237380578364204
1109,2019-08-19,2923.649902,1,0.6955372235822481
1110,2019-08-20,2900.51001,1,0.7803686792269472
1111,2019-08-21,2924.429932,1,0.6926776129865493
1112,2019-08-22,2922.949951,1,0.6981032624475102
1113,2019-08-23,2847.110107,1,0.9761341349505825
1114,2019-08-26,2878.3798829999996,1,0.8614983096941972
1115,2019-08-27,2869.159912,1,0.895298967058193
1116,2019-08-28,2887.939941,1,0.8264508843999138
1117,2019-08-29,2924.580078,1,0.6921271737822857
1118,2019-08-30,2926.459961,1,0.6852354730201677
1119,2019-09-03,2906.27002,1,0.7592523303335289
1120,2019-09-04,2937.780029,1,0.6437358045499358
1121,2019-09-05,2976.0,0,0.5036203807342948
1122,2019-09-06,2978.709961,0,0.4936855920857408
1123,2019-09-09,2978.429932,0,0.49471218580073006
1124,2019-09-10,2979.389893,0,0.4911929434035684
1125,2019-09-11,3000.929932,0,0.41222659113997207
1126,2019-09-12,3009.570068,0,0.38055162421064664
1127,2019-09-13,3007.389893,0,0.38854420338129175
1128,2019-09-16,2997.959961,0,0.4231145833204256
1129,2019-09-17,3005.699951,0,0.394739575417389
1130,2019-09-18,3006.72998,0,0.3909634618803745
1131,2019-09-19,3006.790039,0,0.39074328399905345
1132,2019-09-20,2992.070068,0,0.44470708672456954
1133,2019-09-23,2991.780029,0,0.4457703773641167
1134,2019-09-24,2966.600098,0,0.5380806698997551
1135,2019-09-25,2984.8701170000004,0,0.47110229738071563
1136,2019-09-26,2977.6201170000004,0,0.4976809889936265
1137,2019-09-27,2961.790039,0,0.5557144733205694
1138,2019-09-30,2976.73999,0,0.5009075578368274
1139,2019-10-01,2940.25,1,0.6346808255841658
1140,2019-10-02,2887.610107,1,0.8276600645612181
1141,2019-10-03,2910.6298829999996,1,0.7432689573471107
1142,2019-10-04,2952.01001,0,0.5915683181145455
1143,2019-10-07,2938.790039,1,0.640033081196011
1144,2019-10-08,2893.060059,1,0.8076803964904367
1145,2019-10-09,2919.399902,1,0.7111178359070579
1146,2019-10-10,2938.1298829999996,1,0.6424532305395176
1147,2019-10-11,2970.27002,0,0.5246266388540395
1148,2019-10-14,2966.149902,0,0.5397311003341496
1149,2019-10-15,2995.679932,0,0.43147322989414894
1150,2019-10-16,2989.689941,0,0.4534326952118192
1151,2019-10-17,2997.949951,0,0.42315128024498344
1152,2019-10-18,2986.199951,0,0.466227090790046
1153,2019-10-21,3006.719971,0,0.39100015513890635
1154,2019-10-22,2995.98999,0,0.43033654907151214
1155,2019-10-23,3004.52002,0,0.39906523364821894
1156,2019-10-24,3010.290039,0,0.37791219149626887
1157,2019-10-25,3022.550049,0,0.332966670811965
1158,2019-10-28,3039.419922,0,0.2711212705338995
1159,2019-10-29,3036.889893,0,0.2803964237149646
1160,2019-10-30,3046.77002,0,0.24417561700746224
1161,2019-10-31,3037.560059,0,0.27793957744690184
1162,2019-11-01,3066.909912,0,0.17034224065086423
1163,2019-11-04,3078.27002,0,0.12869578448240102
1164,2019-11-05,3074.6201170000004,0,0.1420764253450253
1165,2019-11-06,3076.780029,0,0.1341581308679197
1166,2019-11-07,3085.179932,0,0.10336386446580038
1167,2019-11-08,3093.080078,0,0.0744017204339424
1168,2019-11-11,3087.01001,0,0.09665475014999739
1169,2019-11-12,3091.840088,0,0.07894755654609334
1170,2019-11-13,3094.040039,0,0.07088247803678072
1171,2019-11-14,3096.6298829999996,0,0.06138804148484447
1172,2019-11-15,3120.459961,0,-0.02597365427703469
1173,2019-11-18,3122.030029,0,-0.03172956506093808
1174,2019-11-19,3120.179932,0,-0.024947060562045424
1175,2019-11-20,3108.459961,0,0.018018662875369584
1176,2019-11-21,3103.540039,0,0.036055226957794
1177,2019-11-22,3110.290039,0,0.011309548559566597
1178,2019-11-25,3133.639893,0,-0.07429163332629489
1179,2019-11-26,3140.52002,0,-0.09951436074569617
1180,2019-11-27,3153.6298829999996,0,-0.14757546498907584
1181,2019-11-29,3140.97998,0,-0.10120058626214833
1182,2019-12-02,3113.8701170000004,0,-0.0018151120076303467
1183,2019-12-03,3093.199951,0,0.07396226284777452
1184,2019-12-04,3112.76001,0,0.002254569593796551
1185,2019-12-05,3117.429932,0,-0.01486548788128611
1186,2019-12-06,3145.909912,0,-0.11927384726913058
1187,2019-12-09,3135.959961,0,-0.08279706393222354
1188,2019-12-10,3132.52002,0,-0.07018614931075999
1189,2019-12-11,3141.6298829999996,0,-0.10358314783667157
1190,2019-12-12,3168.570068,0,-0.20234657805871
1191,2019-12-13,3168.800049,0,-0.2031896944829621
1192,2019-12-16,3191.449951,0,-0.2862248338375355
1193,2019-12-17,3192.52002,0,-0.29014773507278135
1194,2019-12-18,3191.139893,0,-0.2850881530148987
1195,2019-12-19,3205.3701170000004,0,-0.3372565302947129
1196,2019-12-20,3221.219971,0,-0.39536251396032007
1197,2019-12-23,3224.01001,0,-0.40559087067328475
1198,2019-12-24,3223.3798829999996,0,-0.4032808084374257
1199,2019-12-26,3239.909912,0,-0.4638803316296307
1200,2019-12-27,3240.02002,0,-0.46428399046771496
1201,2019-12-30,3221.290039,0,-0.39561938510017297
1202,2019-12-31,3230.780029,0,-0.4304099392546018
1203,2020-01-02,3257.850098,0,-0.5296495276533904
1204,2020-01-03,3234.850098,0,-0.44533091977794875
1205,2020-01-06,3246.280029,0,-0.4872333489097907
1206,2020-01-07,3237.179932,0,-0.4538721527979871
1207,2020-01-08,3253.050049,0,-0.5120524211571338
1208,2020-01-09,3274.699951,0,-0.5914215340823401
1209,2020-01-10,3265.350098,0,-0.5571447258736429
1210,2020-01-13,3288.1298829999996,-1,-0.6406560197389404
1211,2020-01-14,3283.149902,-1,-0.6223992777751967
1212,2020-01-15,3289.290039,-1,-0.6449091822971305
1213,2020-01-16,3316.810059,-1,-0.7457983029538393
1214,2020-01-17,3329.6201170000004,-1,-0.7927603141435655
1215,2020-01-21,3320.790039,-1,-0.7603890148221917
1216,2020-01-22,3321.75,-1,-0.7639082572193534
1217,2020-01-23,3325.540039,-1,-0.7778026403616851
1218,2020-01-24,3295.469971,-1,-0.6675649763408216
1219,2020-01-27,3243.6298829999996,0,-0.4775178436321079
1220,2020-01-28,3276.23999,0,-0.597067357758596
1221,2020-01-29,3273.399902,0,-0.5866555200888681
1222,2020-01-30,3283.659912,-1,-0.624268987914438
1223,2020-01-31,3225.52002,0,-0.4111266072418931
1224,2020-02-03,3248.919922,0,-0.49691126641849176
1225,2020-02-04,3297.590088,-1,-0.6753373812961716
1226,2020-02-05,3334.689941,-1,-0.8113464229198036
1227,2020-02-06,3345.780029,-1,-0.8520029786318094
1228,2020-02-07,3327.709961,-1,-0.7857576317633502
1229,2020-02-10,3352.090088,-1,-0.8751358216966744
1230,2020-02-11,3357.75,-1,-0.8958852086765662
1231,2020-02-12,3379.4499509999996,-1,-0.9754378025585341
1232,2020-02-13,3373.9399409999996,-1,-0.9552379602724577
1233,2020-02-14,3380.1599119999996,-1,-0.978040538348354
1234,2020-02-18,3370.290039,-1,-0.9418573230758593
1235,2020-02-19,3386.149902,-1,-1.0
1236,2020-02-20,3373.2299799999996,-1,-0.9401758430119052
1237,2020-02-21,3337.75,-1,-0.7758900297187319
1238,2020-02-24,3225.889893,0,-0.257935153375606
1239,2020-02-25,3128.209961,0,0.19436011485853716
1240,2020-02-26,3116.389893,0,0.24909152915360247
1241,2020-02-27,2978.76001,1,0.8863702779606631
1242,2020-02-28,2954.219971,1,1.0
1243,2020-03-02,3090.22998,0,-0.5464456635527724
1244,2020-03-03,3003.3701170000004,0,0.44115855367169177
1245,2020-03-04,3130.1201170000004,-1,-1.0
1246,2020-03-05,3023.939941,-1,-0.6730303030750934
1247,2020-03-06,2972.3701170000004,0,-0.5142269335671107
1248,2020-03-09,2746.560059,0,0.18112929024302446
1249,2020-03-10,2882.22998,0,-0.2366507005454251
1250,2020-03-11,2741.3798829999996,0,0.1970810492299164
1251,2020-03-12,2480.639893,1,1.0
